"Enrichment FDR","nGenes","Pathway Genes","Fold Enrichment","Pathway","URL","Genes"
7.79646771058223e-05,46,547,2.28680797648565,"GO:0140657 ATP-dependent activity "," http://amigo.geneontology.org/amigo/term/GO:0140657","XP_020600662.1 XP_020601172.1 XP_020602000.1 XP_020602137.1 XP_020604199.1 XP_020604584.1 XP_020605092.1 XP_020606399.1 XP_020606765.1 XP_020607766.1 XP_020607897.1 XP_020609097.1 XP_020609101.1 XP_020609198.1 XP_020609424.1 XP_020610141.1 XP_020610321.1 XP_020612109.1 XP_020612903.1 XP_020613239.1 XP_020613431.1 XP_020616488.1 XP_020616490.1 XP_020616494.1 XP_020617694.1 XP_020618456.1 XP_020619238.1 XP_020620129.1 XP_020622812.1 XP_020623054.1 XP_020623257.1 XP_020623711.1 XP_020623864.1 XP_020626460.1 XP_020626853.1 XP_020627061.1 XP_020627306.1 XP_020627368.1 XP_020627896.1 XP_020627967.1 XP_020627981.1 XP_020628658.1 XP_020630788.1 XP_020632351.1 XP_020632723.1 XP_020632927.1"
0.000139803742379596,166,3330,1.421378908792,"GO:0097159 organic cyclic compound binding "," http://amigo.geneontology.org/amigo/term/GO:0097159","XP_020600466.1 XP_020600708.1 XP_020601172.1 XP_020601505.1 XP_020601698.1 XP_020602000.1 XP_020602134.1 XP_020602137.1 XP_020602158.1 XP_020602683.1 XP_020602804.1 XP_020603032.1 XP_020603115.1 XP_020603163.1 XP_020603233.1 XP_020603577.1 XP_020604025.1 XP_020604199.1 XP_020604457.1 XP_020604528.1 XP_020604584.1 XP_020604628.1 XP_020604763.1 XP_020604863.1 XP_020604986.1 XP_020605092.1 XP_020605723.1 XP_020605730.1 XP_020605840.1 XP_020605924.1 XP_020606024.1 XP_020606241.1 XP_020606340.1 XP_020606358.1 XP_020606399.1 XP_020606525.1 XP_020606789.1 XP_020607071.1 XP_020607385.1 XP_020607726.1 XP_020607766.1 XP_020607774.1 XP_020607897.1 XP_020608112.1 XP_020608118.1 XP_020608359.1 XP_020608961.1 XP_020609051.1 XP_020609082.1 XP_020609097.1 XP_020609101.1 XP_020609150.1 XP_020609198.1 XP_020609362.1 XP_020609424.1 XP_020609468.1 XP_020609655.1 XP_020610141.1 XP_020610217.1 XP_020610321.1 XP_020610804.1 XP_020610825.1 XP_020611135.1 XP_020611148.1 XP_020611406.1 XP_020611634.1 XP_020611650.1 XP_020611857.1 XP_020611867.1 XP_020611926.1 XP_020611930.1 XP_020611953.1 XP_020612020.1 XP_020612098.1 XP_020612109.1 XP_020612587.1 XP_020612625.1 XP_020612903.1 XP_020613224.1 XP_020613239.1 XP_020613431.1 XP_020613633.1 XP_020613872.1 XP_020613919.1 XP_020614299.1 XP_020615450.1 XP_020615675.1 XP_020616131.1 XP_020616737.1 XP_020616914.1 XP_020617339.1 XP_020617488.1 XP_020617692.1 XP_020617694.1 XP_020618184.1 XP_020618239.1 XP_020618303.1 XP_020618456.1 XP_020618710.1 XP_020619015.1 XP_020619137.1 XP_020619238.1 XP_020619252.1 XP_020619655.1 XP_020619931.1 XP_020620129.1 XP_020620166.1 XP_020620421.1 XP_020620588.1 XP_020620786.1 XP_020621977.1 XP_020621995.1 XP_020622028.1 XP_020622127.1 XP_020622192.1 XP_020622574.1 XP_020622688.1 XP_020622812.1 XP_020623054.1 XP_020623257.1 XP_020623449.1 XP_020623527.1 XP_020623734.1 XP_020623782.1 XP_020623907.1 XP_020624047.1 XP_020624164.1 XP_020624168.1 XP_020624216.1 XP_020624629.1 XP_020624818.1 XP_020624928.1 XP_020626456.1 XP_020626460.1 XP_020626565.1 XP_020626853.1 XP_020627061.1 XP_020627088.1 XP_020627169.1 XP_020627306.1 XP_020627341.1 XP_020627368.1 XP_020627751.1 XP_020627765.1 XP_020627896.1 XP_020627967.1 XP_020627981.1 XP_020628443.1 XP_020628499.1 XP_020628658.1 XP_020628715.1 XP_020628924.1 XP_020629046.1 XP_020629173.1 XP_020629679.1 XP_020630460.1 XP_020630639.1 XP_020631175.1 XP_020631454.1 XP_020632196.1 XP_020632351.1 XP_020632536.1 XP_020632584.1 XP_020632603.1 XP_020632840.1 XP_020632927.1"
0.000139803742379596,166,3328,1.421378908792,"GO:1901363 heterocyclic compound binding "," http://amigo.geneontology.org/amigo/term/GO:1901363","XP_020600466.1 XP_020600708.1 XP_020601172.1 XP_020601505.1 XP_020601698.1 XP_020602000.1 XP_020602134.1 XP_020602137.1 XP_020602158.1 XP_020602683.1 XP_020602804.1 XP_020603032.1 XP_020603115.1 XP_020603163.1 XP_020603233.1 XP_020603577.1 XP_020604025.1 XP_020604199.1 XP_020604457.1 XP_020604528.1 XP_020604584.1 XP_020604628.1 XP_020604763.1 XP_020604863.1 XP_020604986.1 XP_020605092.1 XP_020605723.1 XP_020605730.1 XP_020605840.1 XP_020605924.1 XP_020606024.1 XP_020606241.1 XP_020606340.1 XP_020606358.1 XP_020606399.1 XP_020606525.1 XP_020606789.1 XP_020607071.1 XP_020607385.1 XP_020607726.1 XP_020607766.1 XP_020607774.1 XP_020607897.1 XP_020608112.1 XP_020608118.1 XP_020608359.1 XP_020608961.1 XP_020609051.1 XP_020609082.1 XP_020609097.1 XP_020609101.1 XP_020609150.1 XP_020609198.1 XP_020609362.1 XP_020609424.1 XP_020609468.1 XP_020609655.1 XP_020610141.1 XP_020610217.1 XP_020610321.1 XP_020610804.1 XP_020610825.1 XP_020611135.1 XP_020611148.1 XP_020611406.1 XP_020611634.1 XP_020611650.1 XP_020611857.1 XP_020611867.1 XP_020611926.1 XP_020611930.1 XP_020611953.1 XP_020612020.1 XP_020612098.1 XP_020612109.1 XP_020612587.1 XP_020612625.1 XP_020612903.1 XP_020613224.1 XP_020613239.1 XP_020613431.1 XP_020613633.1 XP_020613872.1 XP_020613919.1 XP_020614299.1 XP_020615450.1 XP_020615675.1 XP_020616131.1 XP_020616737.1 XP_020616914.1 XP_020617339.1 XP_020617488.1 XP_020617692.1 XP_020617694.1 XP_020618184.1 XP_020618239.1 XP_020618303.1 XP_020618456.1 XP_020618710.1 XP_020619015.1 XP_020619137.1 XP_020619238.1 XP_020619252.1 XP_020619655.1 XP_020619931.1 XP_020620129.1 XP_020620166.1 XP_020620421.1 XP_020620588.1 XP_020620786.1 XP_020621977.1 XP_020621995.1 XP_020622028.1 XP_020622127.1 XP_020622192.1 XP_020622574.1 XP_020622688.1 XP_020622812.1 XP_020623054.1 XP_020623257.1 XP_020623449.1 XP_020623527.1 XP_020623734.1 XP_020623782.1 XP_020623907.1 XP_020624047.1 XP_020624164.1 XP_020624168.1 XP_020624216.1 XP_020624629.1 XP_020624818.1 XP_020624928.1 XP_020626456.1 XP_020626460.1 XP_020626565.1 XP_020626853.1 XP_020627061.1 XP_020627088.1 XP_020627169.1 XP_020627306.1 XP_020627341.1 XP_020627368.1 XP_020627751.1 XP_020627765.1 XP_020627896.1 XP_020627967.1 XP_020627981.1 XP_020628443.1 XP_020628499.1 XP_020628658.1 XP_020628715.1 XP_020628924.1 XP_020629046.1 XP_020629173.1 XP_020629679.1 XP_020630460.1 XP_020630639.1 XP_020631175.1 XP_020631454.1 XP_020632196.1 XP_020632351.1 XP_020632536.1 XP_020632584.1 XP_020632603.1 XP_020632840.1 XP_020632927.1"
0.00119873770424725,30,397,2.42096556176488,"GO:0140640 catalytic activity acting on a nucleic acid "," http://amigo.geneontology.org/amigo/term/GO:0140640","XP_020600662.1 XP_020602134.1 XP_020602137.1 XP_020602470.1 XP_020603233.1 XP_020604584.1 XP_020606525.1 XP_020606765.1 XP_020610141.1 XP_020611386.1 XP_020612020.1 XP_020612098.1 XP_020613239.1 XP_020613716.1 XP_020617694.1 XP_020618184.1 XP_020618456.1 XP_020619137.1 XP_020622431.1 XP_020622574.1 XP_020622812.1 XP_020623054.1 XP_020623257.1 XP_020623711.1 XP_020623864.1 XP_020626460.1 XP_020626946.1 XP_020627306.1 XP_020627368.1 XP_020632927.1"
0.00123384729935219,14,142,3.9273441335297,"GO:0004386 helicase activity "," http://amigo.geneontology.org/amigo/term/GO:0004386","XP_020600662.1 XP_020602137.1 XP_020604584.1 XP_020606765.1 XP_020618456.1 XP_020622812.1 XP_020623054.1 XP_020623257.1 XP_020623711.1 XP_020623864.1 XP_020626460.1 XP_020627306.1 XP_020627368.1 XP_020632927.1"
0.00219654777507349,39,1098,2.00654700272041,"GO:0005215 transporter activity "," http://amigo.geneontology.org/amigo/term/GO:0005215","YP_271952.1 YP_271956.1 YP_271954.1 XP_020600622.1 XP_020600665.1 XP_020600676.1 XP_020601172.1 XP_020602000.1 XP_020603329.1 XP_020605092.1 XP_020605194.1 XP_020605233.1 XP_020605679.1 XP_020605977.1 XP_020607766.1 XP_020607897.1 XP_020609097.1 XP_020609101.1 XP_020609198.1 XP_020609424.1 XP_020610439.1 XP_020611830.1 XP_020612066.1 XP_020614341.1 XP_020616376.1 XP_020617015.1 XP_020621694.1 XP_020621697.1 XP_020624362.1 XP_020625110.1 XP_020626607.1 XP_020626853.1 XP_020627896.1 XP_020628658.1 XP_020629533.1 XP_020629641.1 XP_020630176.1 XP_020632351.1 XP_020632741.1"
0.00219654777507349,71,1166,1.65648376325114,"GO:0005524 ATP binding "," http://amigo.geneontology.org/amigo/term/GO:0005524","XP_020600466.1 XP_020600708.1 XP_020601172.1 XP_020601698.1 XP_020602000.1 XP_020602134.1 XP_020603032.1 XP_020603115.1 XP_020604025.1 XP_020604199.1 XP_020604528.1 XP_020604763.1 XP_020605092.1 XP_020605730.1 XP_020606024.1 XP_020606399.1 XP_020607726.1 XP_020607766.1 XP_020607897.1 XP_020608112.1 XP_020608359.1 XP_020608961.1 XP_020609082.1 XP_020609097.1 XP_020609101.1 XP_020609198.1 XP_020609424.1 XP_020610141.1 XP_020610321.1 XP_020611148.1 XP_020612098.1 XP_020612109.1 XP_020612903.1 XP_020613224.1 XP_020613239.1 XP_020613431.1 XP_020613633.1 XP_020613872.1 XP_020616131.1 XP_020617488.1 XP_020617694.1 XP_020618184.1 XP_020618239.1 XP_020618456.1 XP_020619238.1 XP_020620129.1 XP_020622028.1 XP_020622688.1 XP_020622812.1 XP_020623054.1 XP_020623257.1 XP_020623449.1 XP_020624629.1 XP_020624818.1 XP_020624928.1 XP_020626460.1 XP_020626853.1 XP_020627061.1 XP_020627088.1 XP_020627341.1 XP_020627751.1 XP_020627765.1 XP_020627896.1 XP_020627967.1 XP_020627981.1 XP_020628658.1 XP_020630639.1 XP_020631454.1 XP_020632351.1 XP_020632603.1 XP_020632927.1"
0.00219654777507349,37,1073,2.05629810764998,"GO:0022857 transmembrane transporter activity "," http://amigo.geneontology.org/amigo/term/GO:0022857","YP_271952.1 YP_271956.1 YP_271954.1 XP_020600622.1 XP_020600665.1 XP_020600676.1 XP_020601172.1 XP_020602000.1 XP_020603329.1 XP_020605092.1 XP_020605194.1 XP_020605233.1 XP_020605679.1 XP_020605977.1 XP_020607766.1 XP_020607897.1 XP_020609097.1 XP_020609101.1 XP_020609198.1 XP_020609424.1 XP_020610439.1 XP_020611830.1 XP_020612066.1 XP_020614341.1 XP_020616376.1 XP_020617015.1 XP_020621694.1 XP_020621697.1 XP_020624362.1 XP_020625110.1 XP_020626607.1 XP_020627896.1 XP_020628658.1 XP_020629533.1 XP_020629641.1 XP_020630176.1 XP_020632351.1"
0.00219654777507349,72,1195,1.628227126377,"GO:0030554 adenyl nucleotide binding "," http://amigo.geneontology.org/amigo/term/GO:0030554","XP_020600466.1 XP_020600708.1 XP_020601172.1 XP_020601698.1 XP_020602000.1 XP_020602134.1 XP_020603032.1 XP_020603115.1 XP_020604025.1 XP_020604199.1 XP_020604528.1 XP_020604763.1 XP_020605092.1 XP_020605730.1 XP_020606024.1 XP_020606399.1 XP_020607726.1 XP_020607766.1 XP_020607897.1 XP_020608112.1 XP_020608359.1 XP_020608961.1 XP_020609082.1 XP_020609097.1 XP_020609101.1 XP_020609198.1 XP_020609424.1 XP_020610141.1 XP_020610321.1 XP_020611148.1 XP_020612098.1 XP_020612109.1 XP_020612903.1 XP_020613224.1 XP_020613239.1 XP_020613431.1 XP_020613633.1 XP_020613872.1 XP_020616131.1 XP_020617488.1 XP_020617694.1 XP_020618184.1 XP_020618239.1 XP_020618456.1 XP_020619015.1 XP_020619238.1 XP_020620129.1 XP_020622028.1 XP_020622688.1 XP_020622812.1 XP_020623054.1 XP_020623257.1 XP_020623449.1 XP_020624629.1 XP_020624818.1 XP_020624928.1 XP_020626460.1 XP_020626853.1 XP_020627061.1 XP_020627088.1 XP_020627341.1 XP_020627751.1 XP_020627765.1 XP_020627896.1 XP_020627967.1 XP_020627981.1 XP_020628658.1 XP_020630639.1 XP_020631454.1 XP_020632351.1 XP_020632603.1 XP_020632927.1"
0.00219654777507349,72,1194,1.63135833238926,"GO:0032559 adenyl ribonucleotide binding "," http://amigo.geneontology.org/amigo/term/GO:0032559","XP_020600466.1 XP_020600708.1 XP_020601172.1 XP_020601698.1 XP_020602000.1 XP_020602134.1 XP_020603032.1 XP_020603115.1 XP_020604025.1 XP_020604199.1 XP_020604528.1 XP_020604763.1 XP_020605092.1 XP_020605730.1 XP_020606024.1 XP_020606399.1 XP_020607726.1 XP_020607766.1 XP_020607897.1 XP_020608112.1 XP_020608359.1 XP_020608961.1 XP_020609082.1 XP_020609097.1 XP_020609101.1 XP_020609198.1 XP_020609424.1 XP_020610141.1 XP_020610321.1 XP_020611148.1 XP_020612098.1 XP_020612109.1 XP_020612903.1 XP_020613224.1 XP_020613239.1 XP_020613431.1 XP_020613633.1 XP_020613872.1 XP_020616131.1 XP_020617488.1 XP_020617694.1 XP_020618184.1 XP_020618239.1 XP_020618456.1 XP_020619015.1 XP_020619238.1 XP_020620129.1 XP_020622028.1 XP_020622688.1 XP_020622812.1 XP_020623054.1 XP_020623257.1 XP_020623449.1 XP_020624629.1 XP_020624818.1 XP_020624928.1 XP_020626460.1 XP_020626853.1 XP_020627061.1 XP_020627088.1 XP_020627341.1 XP_020627751.1 XP_020627765.1 XP_020627896.1 XP_020627967.1 XP_020627981.1 XP_020628658.1 XP_020630639.1 XP_020631454.1 XP_020632351.1 XP_020632603.1 XP_020632927.1"
0.00379068138901053,33,865,2.09036058720129,"GO:0055085 transmembrane transport "," http://amigo.geneontology.org/amigo/term/GO:0055085","YP_271952.1 XP_020600622.1 XP_020601172.1 XP_020603329.1 XP_020605092.1 XP_020605194.1 XP_020605233.1 XP_020605679.1 XP_020605977.1 XP_020607340.1 XP_020607766.1 XP_020607897.1 XP_020609097.1 XP_020609101.1 XP_020609198.1 XP_020609424.1 XP_020610439.1 XP_020611830.1 XP_020614341.1 XP_020614574.1 XP_020616376.1 XP_020617015.1 XP_020621694.1 XP_020621697.1 XP_020622830.1 XP_020625110.1 XP_020626607.1 XP_020627896.1 XP_020628658.1 XP_020629533.1 XP_020629641.1 XP_020630176.1 XP_020632351.1"
0.0043167954260944,20,212,2.64764773046946,"GO:0022804 active transmembrane transporter activity "," http://amigo.geneontology.org/amigo/term/GO:0022804","YP_271952.1 YP_271956.1 YP_271954.1 XP_020600676.1 XP_020601172.1 XP_020602000.1 XP_020605092.1 XP_020605233.1 XP_020607766.1 XP_020607897.1 XP_020609097.1 XP_020609101.1 XP_020609198.1 XP_020609424.1 XP_020612066.1 XP_020624362.1 XP_020625110.1 XP_020627896.1 XP_020628658.1 XP_020632351.1"
0.00680037606491989,11,118,3.8118340119553,"GO:0004518 nuclease activity "," http://amigo.geneontology.org/amigo/term/GO:0004518","XP_020602804.1 XP_020604584.1 XP_020606241.1 XP_020606340.1 XP_020606525.1 XP_020606765.1 XP_020612020.1 XP_020613716.1 XP_020618184.1 XP_020622192.1 XP_020622574.1"
0.00745735329825958,139,3391,1.34018208157274,"GO:0043170 macromolecule metabolic process "," http://amigo.geneontology.org/amigo/term/GO:0043170","XP_020600466.1 XP_020600708.1 XP_020600855.1 XP_020600856.1 XP_020600997.1 XP_020601306.1 XP_020601325.1 XP_020601505.1 XP_020601625.1 XP_020601698.1 XP_020601956.1 XP_020602134.1 XP_020602137.1 XP_020602470.1 XP_020602804.1 XP_020603032.1 XP_020603115.1 XP_020603233.1 XP_020603577.1 XP_020604025.1 XP_020604457.1 XP_020604515.1 XP_020604528.1 XP_020604763.1 XP_020604869.1 XP_020605723.1 XP_020605730.1 XP_020605999.1 XP_020606024.1 XP_020606389.1 XP_020606525.1 XP_020606730.1 XP_020606765.1 XP_020606785.1 XP_020607071.1 XP_020607343.1 XP_020607385.1 XP_020607760.1 XP_020608112.1 XP_020608116.1 XP_020608234.1 XP_020608278.1 XP_020608288.1 XP_020608359.1 XP_020608501.1 XP_020608525.1 XP_020609082.1 XP_020609224.1 XP_020609438.1 XP_020609655.1 XP_020609818.1 XP_020610341.1 XP_020610540.1 XP_020610865.1 XP_020611301.1 XP_020611386.1 XP_020611604.1 XP_020611605.1 XP_020612098.1 XP_020612625.1 XP_020612694.1 XP_020612791.1 XP_020613224.1 XP_020613872.1 XP_020613919.1 XP_020614028.1 XP_020615077.1 XP_020615284.1 XP_020615457.1 XP_020615539.1 XP_020616560.1 XP_020616737.1 XP_020617488.1 XP_020617692.1 XP_020617694.1 XP_020618184.1 XP_020618239.1 XP_020618303.1 XP_020618453.1 XP_020618456.1 XP_020619137.1 XP_020619461.1 XP_020619931.1 XP_020620048.1 XP_020620166.1 XP_020620648.1 XP_020620691.1 XP_020620786.1 XP_020621181.1 XP_020622018.1 XP_020622028.1 XP_020622127.1 XP_020622574.1 XP_020622688.1 XP_020622812.1 XP_020622818.1 XP_020622831.1 XP_020623032.1 XP_020623054.1 XP_020623671.1 XP_020623782.1 XP_020623907.1 XP_020623979.1 XP_020624629.1 XP_020624928.1 XP_020624942.1 XP_020625734.1 XP_020625939.1 XP_020626072.1 XP_020626171.1 XP_020626380.1 XP_020626946.1 XP_020627088.1 XP_020627169.1 XP_020627306.1 XP_020627341.1 XP_020627365.1 XP_020627368.1 XP_020627751.1 XP_020627765.1 XP_020627927.1 XP_020627989.1 XP_020628214.1 XP_020628312.1 XP_020628708.1 XP_020629048.1 XP_020629719.1 XP_020630639.1 XP_020630924.1 XP_020630934.1 XP_020631010.1 XP_020631277.1 XP_020631454.1 XP_020631597.1 XP_020631608.1 XP_020631692.1 XP_020632196.1 XP_020632532.1 XP_020632723.1"
0.00745735329825958,67,1583,1.57879234167894,"GO:0003676 nucleic acid binding "," http://amigo.geneontology.org/amigo/term/GO:0003676","XP_020600466.1 XP_020601505.1 XP_020602137.1 XP_020602158.1 XP_020602804.1 XP_020603163.1 XP_020603233.1 XP_020603577.1 XP_020604457.1 XP_020604584.1 XP_020604628.1 XP_020604986.1 XP_020605723.1 XP_020606241.1 XP_020606340.1 XP_020606525.1 XP_020607071.1 XP_020607385.1 XP_020607774.1 XP_020608118.1 XP_020609655.1 XP_020610141.1 XP_020610217.1 XP_020610804.1 XP_020611857.1 XP_020612020.1 XP_020612098.1 XP_020612625.1 XP_020613239.1 XP_020613633.1 XP_020613919.1 XP_020615450.1 XP_020616737.1 XP_020616914.1 XP_020617339.1 XP_020617488.1 XP_020617692.1 XP_020618184.1 XP_020618303.1 XP_020618456.1 XP_020618710.1 XP_020619137.1 XP_020619252.1 XP_020619931.1 XP_020620166.1 XP_020620588.1 XP_020620786.1 XP_020622192.1 XP_020622574.1 XP_020622812.1 XP_020623054.1 XP_020623257.1 XP_020623782.1 XP_020623907.1 XP_020624047.1 XP_020624168.1 XP_020624216.1 XP_020626460.1 XP_020627169.1 XP_020627306.1 XP_020627368.1 XP_020629173.1 XP_020631175.1 XP_020632196.1 XP_020632536.1 XP_020632584.1 XP_020632927.1"
0.010039096277782,99,1672,1.4224648873882,"GO:0043168 anion binding "," http://amigo.geneontology.org/amigo/term/GO:0043168","XP_020600466.1 XP_020600708.1 XP_020601172.1 XP_020601698.1 XP_020602000.1 XP_020602134.1 XP_020602683.1 XP_020603032.1 XP_020603115.1 XP_020603329.1 XP_020604025.1 XP_020604199.1 XP_020604528.1 XP_020604763.1 XP_020605092.1 XP_020605730.1 XP_020605840.1 XP_020605924.1 XP_020606024.1 XP_020606358.1 XP_020606399.1 XP_020606789.1 XP_020607726.1 XP_020607766.1 XP_020607897.1 XP_020608112.1 XP_020608359.1 XP_020608961.1 XP_020609082.1 XP_020609097.1 XP_020609101.1 XP_020609198.1 XP_020609424.1 XP_020609468.1 XP_020610141.1 XP_020610321.1 XP_020610825.1 XP_020611148.1 XP_020611650.1 XP_020611926.1 XP_020612098.1 XP_020612109.1 XP_020612903.1 XP_020613224.1 XP_020613239.1 XP_020613431.1 XP_020613633.1 XP_020613872.1 XP_020614299.1 XP_020615675.1 XP_020616131.1 XP_020617488.1 XP_020617694.1 XP_020618184.1 XP_020618239.1 XP_020618456.1 XP_020619238.1 XP_020620129.1 XP_020620421.1 XP_020621977.1 XP_020621995.1 XP_020622028.1 XP_020622127.1 XP_020622688.1 XP_020622812.1 XP_020623054.1 XP_020623257.1 XP_020623449.1 XP_020623527.1 XP_020623734.1 XP_020624164.1 XP_020624629.1 XP_020624818.1 XP_020624928.1 XP_020626456.1 XP_020626460.1 XP_020626565.1 XP_020626853.1 XP_020627061.1 XP_020627088.1 XP_020627341.1 XP_020627751.1 XP_020627765.1 XP_020627896.1 XP_020627967.1 XP_020627981.1 XP_020628443.1 XP_020628499.1 XP_020628658.1 XP_020628924.1 XP_020629046.1 XP_020629679.1 XP_020630460.1 XP_020630639.1 XP_020631454.1 XP_020632351.1 XP_020632603.1 XP_020632840.1 XP_020632927.1"
0.0126322703974771,89,1535,1.444353834232,"GO:0097367 carbohydrate derivative binding "," http://amigo.geneontology.org/amigo/term/GO:0097367","XP_020600466.1 XP_020600708.1 XP_020601172.1 XP_020601698.1 XP_020602000.1 XP_020602134.1 XP_020603032.1 XP_020603115.1 XP_020604025.1 XP_020604199.1 XP_020604528.1 XP_020604763.1 XP_020605092.1 XP_020605730.1 XP_020605924.1 XP_020606024.1 XP_020606358.1 XP_020606399.1 XP_020607592.1 XP_020607726.1 XP_020607766.1 XP_020607897.1 XP_020608112.1 XP_020608359.1 XP_020608961.1 XP_020609082.1 XP_020609097.1 XP_020609101.1 XP_020609198.1 XP_020609424.1 XP_020610141.1 XP_020610321.1 XP_020610825.1 XP_020611148.1 XP_020611650.1 XP_020612098.1 XP_020612109.1 XP_020612903.1 XP_020613224.1 XP_020613239.1 XP_020613431.1 XP_020613633.1 XP_020613872.1 XP_020615675.1 XP_020616131.1 XP_020617488.1 XP_020617694.1 XP_020618184.1 XP_020618239.1 XP_020618456.1 XP_020619015.1 XP_020619137.1 XP_020619238.1 XP_020620129.1 XP_020621977.1 XP_020621995.1 XP_020622028.1 XP_020622127.1 XP_020622688.1 XP_020622812.1 XP_020623054.1 XP_020623257.1 XP_020623449.1 XP_020623527.1 XP_020623734.1 XP_020624164.1 XP_020624629.1 XP_020624818.1 XP_020624928.1 XP_020626460.1 XP_020626565.1 XP_020626853.1 XP_020627061.1 XP_020627088.1 XP_020627341.1 XP_020627558.1 XP_020627751.1 XP_020627765.1 XP_020627896.1 XP_020627967.1 XP_020627981.1 XP_020628658.1 XP_020628924.1 XP_020630460.1 XP_020630639.1 XP_020631454.1 XP_020632351.1 XP_020632603.1 XP_020632927.1"
0.0130824566287915,104,1775,1.39400610882965,"GO:0036094 small molecule binding "," http://amigo.geneontology.org/amigo/term/GO:0036094","XP_020600466.1 XP_020600708.1 XP_020601172.1 XP_020601698.1 XP_020602000.1 XP_020602134.1 XP_020602683.1 XP_020603032.1 XP_020603115.1 XP_020603329.1 XP_020604025.1 XP_020604199.1 XP_020604528.1 XP_020604763.1 XP_020605092.1 XP_020605613.1 XP_020605730.1 XP_020605840.1 XP_020605924.1 XP_020606024.1 XP_020606358.1 XP_020606399.1 XP_020606525.1 XP_020606789.1 XP_020607726.1 XP_020607766.1 XP_020607897.1 XP_020608112.1 XP_020608359.1 XP_020608961.1 XP_020609082.1 XP_020609097.1 XP_020609101.1 XP_020609198.1 XP_020609424.1 XP_020609468.1 XP_020610141.1 XP_020610321.1 XP_020610825.1 XP_020611148.1 XP_020611650.1 XP_020611926.1 XP_020612098.1 XP_020612109.1 XP_020612587.1 XP_020612903.1 XP_020613224.1 XP_020613239.1 XP_020613431.1 XP_020613633.1 XP_020613872.1 XP_020614299.1 XP_020615675.1 XP_020616131.1 XP_020617488.1 XP_020617694.1 XP_020618184.1 XP_020618239.1 XP_020618456.1 XP_020619015.1 XP_020619137.1 XP_020619238.1 XP_020620129.1 XP_020620421.1 XP_020621977.1 XP_020621995.1 XP_020622028.1 XP_020622127.1 XP_020622688.1 XP_020622812.1 XP_020623054.1 XP_020623257.1 XP_020623449.1 XP_020623527.1 XP_020623734.1 XP_020624164.1 XP_020624629.1 XP_020624818.1 XP_020624928.1 XP_020626456.1 XP_020626460.1 XP_020626565.1 XP_020626853.1 XP_020627061.1 XP_020627088.1 XP_020627341.1 XP_020627751.1 XP_020627765.1 XP_020627896.1 XP_020627967.1 XP_020627981.1 XP_020628443.1 XP_020628499.1 XP_020628658.1 XP_020628924.1 XP_020629046.1 XP_020629679.1 XP_020630460.1 XP_020630639.1 XP_020631454.1 XP_020632351.1 XP_020632603.1 XP_020632840.1 XP_020632927.1"
0.0138732417646123,64,1454,1.54202469046565,"GO:0051234 establishment of localization "," http://amigo.geneontology.org/amigo/term/GO:0051234","YP_271952.1 XP_020600622.1 XP_020600665.1 XP_020600676.1 XP_020601172.1 XP_020602000.1 XP_020603301.1 XP_020603329.1 XP_020604515.1 XP_020604986.1 XP_020605092.1 XP_020605194.1 XP_020605233.1 XP_020605447.1 XP_020605613.1 XP_020605679.1 XP_020605977.1 XP_020607340.1 XP_020607761.1 XP_020607766.1 XP_020607897.1 XP_020609097.1 XP_020609101.1 XP_020609198.1 XP_020609424.1 XP_020610321.1 XP_020610439.1 XP_020611830.1 XP_020612066.1 XP_020612562.1 XP_020612585.1 XP_020614016.1 XP_020614341.1 XP_020614470.1 XP_020614574.1 XP_020614720.1 XP_020616376.1 XP_020616436.1 XP_020616737.1 XP_020617015.1 XP_020617211.1 XP_020621694.1 XP_020621697.1 XP_020622830.1 XP_020624362.1 XP_020625107.1 XP_020625110.1 XP_020625534.1 XP_020625868.1 XP_020626385.1 XP_020626607.1 XP_020626853.1 XP_020627678.1 XP_020627896.1 XP_020628658.1 XP_020629378.1 XP_020629533.1 XP_020629641.1 XP_020630145.1 XP_020630176.1 XP_020631277.1 XP_020632200.1 XP_020632351.1 XP_020632741.1"
0.0138732417646123,4,10,9.42562592047128,"GO:0030976 thiamine pyrophosphate binding "," http://amigo.geneontology.org/amigo/term/GO:0030976","XP_020605840.1 XP_020628443.1 XP_020628499.1 XP_020632840.1"
0.0138732417646123,86,1484,1.43928236711742,"GO:0032553 ribonucleotide binding "," http://amigo.geneontology.org/amigo/term/GO:0032553","XP_020600466.1 XP_020600708.1 XP_020601172.1 XP_020601698.1 XP_020602000.1 XP_020602134.1 XP_020603032.1 XP_020603115.1 XP_020604025.1 XP_020604199.1 XP_020604528.1 XP_020604763.1 XP_020605092.1 XP_020605730.1 XP_020605924.1 XP_020606024.1 XP_020606358.1 XP_020606399.1 XP_020607726.1 XP_020607766.1 XP_020607897.1 XP_020608112.1 XP_020608359.1 XP_020608961.1 XP_020609082.1 XP_020609097.1 XP_020609101.1 XP_020609198.1 XP_020609424.1 XP_020610141.1 XP_020610321.1 XP_020610825.1 XP_020611148.1 XP_020611650.1 XP_020612098.1 XP_020612109.1 XP_020612903.1 XP_020613224.1 XP_020613239.1 XP_020613431.1 XP_020613633.1 XP_020613872.1 XP_020615675.1 XP_020616131.1 XP_020617488.1 XP_020617694.1 XP_020618184.1 XP_020618239.1 XP_020618456.1 XP_020619015.1 XP_020619238.1 XP_020620129.1 XP_020621977.1 XP_020621995.1 XP_020622028.1 XP_020622127.1 XP_020622688.1 XP_020622812.1 XP_020623054.1 XP_020623257.1 XP_020623449.1 XP_020623527.1 XP_020623734.1 XP_020624164.1 XP_020624629.1 XP_020624818.1 XP_020624928.1 XP_020626460.1 XP_020626565.1 XP_020626853.1 XP_020627061.1 XP_020627088.1 XP_020627341.1 XP_020627751.1 XP_020627765.1 XP_020627896.1 XP_020627967.1 XP_020627981.1 XP_020628658.1 XP_020628924.1 XP_020630460.1 XP_020630639.1 XP_020631454.1 XP_020632351.1 XP_020632603.1 XP_020632927.1"
0.0138732417646123,4,10,9.42562592047128,"GO:0050997 quaternary ammonium group binding "," http://amigo.geneontology.org/amigo/term/GO:0050997","XP_020605840.1 XP_020628443.1 XP_020628499.1 XP_020632840.1"
0.0138732417646123,64,1448,1.54518457712644,"GO:0006810 transport "," http://amigo.geneontology.org/amigo/term/GO:0006810","YP_271952.1 XP_020600622.1 XP_020600665.1 XP_020600676.1 XP_020601172.1 XP_020602000.1 XP_020603301.1 XP_020603329.1 XP_020604515.1 XP_020604986.1 XP_020605092.1 XP_020605194.1 XP_020605233.1 XP_020605447.1 XP_020605613.1 XP_020605679.1 XP_020605977.1 XP_020607340.1 XP_020607761.1 XP_020607766.1 XP_020607897.1 XP_020609097.1 XP_020609101.1 XP_020609198.1 XP_020609424.1 XP_020610321.1 XP_020610439.1 XP_020611830.1 XP_020612066.1 XP_020612562.1 XP_020612585.1 XP_020614016.1 XP_020614341.1 XP_020614470.1 XP_020614574.1 XP_020614720.1 XP_020616376.1 XP_020616436.1 XP_020616737.1 XP_020617015.1 XP_020617211.1 XP_020621694.1 XP_020621697.1 XP_020622830.1 XP_020624362.1 XP_020625107.1 XP_020625110.1 XP_020625534.1 XP_020625868.1 XP_020626385.1 XP_020626607.1 XP_020626853.1 XP_020627678.1 XP_020627896.1 XP_020628658.1 XP_020629378.1 XP_020629533.1 XP_020629641.1 XP_020630145.1 XP_020630176.1 XP_020631277.1 XP_020632200.1 XP_020632351.1 XP_020632741.1"
0.0158571751176832,85,1471,1.43477471926945,"GO:0032555 purine ribonucleotide binding "," http://amigo.geneontology.org/amigo/term/GO:0032555","XP_020600466.1 XP_020600708.1 XP_020601172.1 XP_020601698.1 XP_020602000.1 XP_020602134.1 XP_020603032.1 XP_020603115.1 XP_020604025.1 XP_020604199.1 XP_020604528.1 XP_020604763.1 XP_020605092.1 XP_020605730.1 XP_020605924.1 XP_020606024.1 XP_020606358.1 XP_020606399.1 XP_020607726.1 XP_020607766.1 XP_020607897.1 XP_020608112.1 XP_020608359.1 XP_020608961.1 XP_020609082.1 XP_020609097.1 XP_020609101.1 XP_020609198.1 XP_020609424.1 XP_020610141.1 XP_020610321.1 XP_020610825.1 XP_020611148.1 XP_020611650.1 XP_020612098.1 XP_020612109.1 XP_020612903.1 XP_020613224.1 XP_020613239.1 XP_020613431.1 XP_020613633.1 XP_020613872.1 XP_020615675.1 XP_020616131.1 XP_020617488.1 XP_020617694.1 XP_020618184.1 XP_020618239.1 XP_020618456.1 XP_020619015.1 XP_020619238.1 XP_020620129.1 XP_020621995.1 XP_020622028.1 XP_020622127.1 XP_020622688.1 XP_020622812.1 XP_020623054.1 XP_020623257.1 XP_020623449.1 XP_020623527.1 XP_020623734.1 XP_020624164.1 XP_020624629.1 XP_020624818.1 XP_020624928.1 XP_020626460.1 XP_020626565.1 XP_020626853.1 XP_020627061.1 XP_020627088.1 XP_020627341.1 XP_020627751.1 XP_020627765.1 XP_020627896.1 XP_020627967.1 XP_020627981.1 XP_020628658.1 XP_020628924.1 XP_020630460.1 XP_020630639.1 XP_020631454.1 XP_020632351.1 XP_020632603.1 XP_020632927.1"
0.0172867374325538,8,80,4.09809822629186,"GO:0042254 ribosome biogenesis "," http://amigo.geneontology.org/amigo/term/GO:0042254","XP_020601306.1 XP_020601505.1 XP_020606525.1 XP_020607071.1 XP_020607761.1 XP_020615994.1 XP_020617692.1 XP_020629048.1"
0.0172867374325538,95,1643,1.39215556972135,"GO:0000166 nucleotide binding "," http://amigo.geneontology.org/amigo/term/GO:0000166","XP_020600466.1 XP_020600708.1 XP_020601172.1 XP_020601698.1 XP_020602000.1 XP_020602134.1 XP_020602683.1 XP_020603032.1 XP_020603115.1 XP_020604025.1 XP_020604199.1 XP_020604528.1 XP_020604763.1 XP_020605092.1 XP_020605730.1 XP_020605924.1 XP_020606024.1 XP_020606358.1 XP_020606399.1 XP_020606525.1 XP_020606789.1 XP_020607726.1 XP_020607766.1 XP_020607897.1 XP_020608112.1 XP_020608359.1 XP_020608961.1 XP_020609082.1 XP_020609097.1 XP_020609101.1 XP_020609198.1 XP_020609424.1 XP_020610141.1 XP_020610321.1 XP_020610825.1 XP_020611148.1 XP_020611650.1 XP_020611926.1 XP_020612098.1 XP_020612109.1 XP_020612587.1 XP_020612903.1 XP_020613224.1 XP_020613239.1 XP_020613431.1 XP_020613633.1 XP_020613872.1 XP_020614299.1 XP_020615675.1 XP_020616131.1 XP_020617488.1 XP_020617694.1 XP_020618184.1 XP_020618239.1 XP_020618456.1 XP_020619015.1 XP_020619238.1 XP_020620129.1 XP_020620421.1 XP_020621977.1 XP_020621995.1 XP_020622028.1 XP_020622127.1 XP_020622688.1 XP_020622812.1 XP_020623054.1 XP_020623257.1 XP_020623449.1 XP_020623527.1 XP_020623734.1 XP_020624164.1 XP_020624629.1 XP_020624818.1 XP_020624928.1 XP_020626460.1 XP_020626565.1 XP_020626853.1 XP_020627061.1 XP_020627088.1 XP_020627341.1 XP_020627751.1 XP_020627765.1 XP_020627896.1 XP_020627967.1 XP_020627981.1 XP_020628658.1 XP_020628924.1 XP_020629046.1 XP_020629679.1 XP_020630460.1 XP_020630639.1 XP_020631454.1 XP_020632351.1 XP_020632603.1 XP_020632927.1"
0.0172867374325538,85,1475,1.42659936474369,"GO:0017076 purine nucleotide binding "," http://amigo.geneontology.org/amigo/term/GO:0017076","XP_020600466.1 XP_020600708.1 XP_020601172.1 XP_020601698.1 XP_020602000.1 XP_020602134.1 XP_020603032.1 XP_020603115.1 XP_020604025.1 XP_020604199.1 XP_020604528.1 XP_020604763.1 XP_020605092.1 XP_020605730.1 XP_020605924.1 XP_020606024.1 XP_020606358.1 XP_020606399.1 XP_020607726.1 XP_020607766.1 XP_020607897.1 XP_020608112.1 XP_020608359.1 XP_020608961.1 XP_020609082.1 XP_020609097.1 XP_020609101.1 XP_020609198.1 XP_020609424.1 XP_020610141.1 XP_020610321.1 XP_020610825.1 XP_020611148.1 XP_020611650.1 XP_020612098.1 XP_020612109.1 XP_020612903.1 XP_020613224.1 XP_020613239.1 XP_020613431.1 XP_020613633.1 XP_020613872.1 XP_020615675.1 XP_020616131.1 XP_020617488.1 XP_020617694.1 XP_020618184.1 XP_020618239.1 XP_020618456.1 XP_020619015.1 XP_020619238.1 XP_020620129.1 XP_020621995.1 XP_020622028.1 XP_020622127.1 XP_020622688.1 XP_020622812.1 XP_020623054.1 XP_020623257.1 XP_020623449.1 XP_020623527.1 XP_020623734.1 XP_020624164.1 XP_020624629.1 XP_020624818.1 XP_020624928.1 XP_020626460.1 XP_020626565.1 XP_020626853.1 XP_020627061.1 XP_020627088.1 XP_020627341.1 XP_020627751.1 XP_020627765.1 XP_020627896.1 XP_020627967.1 XP_020627981.1 XP_020628658.1 XP_020628924.1 XP_020630460.1 XP_020630639.1 XP_020631454.1 XP_020632351.1 XP_020632603.1 XP_020632927.1"
0.0172867374325538,83,1441,1.43598926468267,"GO:0035639 purine ribonucleoside triphosphate binding "," http://amigo.geneontology.org/amigo/term/GO:0035639","XP_020600466.1 XP_020600708.1 XP_020601172.1 XP_020601698.1 XP_020602000.1 XP_020602134.1 XP_020603032.1 XP_020603115.1 XP_020604025.1 XP_020604199.1 XP_020604528.1 XP_020604763.1 XP_020605092.1 XP_020605730.1 XP_020605924.1 XP_020606024.1 XP_020606358.1 XP_020606399.1 XP_020607726.1 XP_020607766.1 XP_020607897.1 XP_020608112.1 XP_020608359.1 XP_020608961.1 XP_020609082.1 XP_020609097.1 XP_020609101.1 XP_020609198.1 XP_020609424.1 XP_020610141.1 XP_020610321.1 XP_020610825.1 XP_020611148.1 XP_020611650.1 XP_020612098.1 XP_020612109.1 XP_020612903.1 XP_020613224.1 XP_020613239.1 XP_020613431.1 XP_020613633.1 XP_020613872.1 XP_020615675.1 XP_020616131.1 XP_020617488.1 XP_020617694.1 XP_020618184.1 XP_020618239.1 XP_020618456.1 XP_020619238.1 XP_020620129.1 XP_020621995.1 XP_020622028.1 XP_020622688.1 XP_020622812.1 XP_020623054.1 XP_020623257.1 XP_020623449.1 XP_020623527.1 XP_020623734.1 XP_020624164.1 XP_020624629.1 XP_020624818.1 XP_020624928.1 XP_020626460.1 XP_020626565.1 XP_020626853.1 XP_020627061.1 XP_020627088.1 XP_020627341.1 XP_020627751.1 XP_020627765.1 XP_020627896.1 XP_020627967.1 XP_020627981.1 XP_020628658.1 XP_020628924.1 XP_020630460.1 XP_020630639.1 XP_020631454.1 XP_020632351.1 XP_020632603.1 XP_020632927.1"
0.0172867374325538,95,1643,1.39215556972135,"GO:1901265 nucleoside phosphate binding "," http://amigo.geneontology.org/amigo/term/GO:1901265","XP_020600466.1 XP_020600708.1 XP_020601172.1 XP_020601698.1 XP_020602000.1 XP_020602134.1 XP_020602683.1 XP_020603032.1 XP_020603115.1 XP_020604025.1 XP_020604199.1 XP_020604528.1 XP_020604763.1 XP_020605092.1 XP_020605730.1 XP_020605924.1 XP_020606024.1 XP_020606358.1 XP_020606399.1 XP_020606525.1 XP_020606789.1 XP_020607726.1 XP_020607766.1 XP_020607897.1 XP_020608112.1 XP_020608359.1 XP_020608961.1 XP_020609082.1 XP_020609097.1 XP_020609101.1 XP_020609198.1 XP_020609424.1 XP_020610141.1 XP_020610321.1 XP_020610825.1 XP_020611148.1 XP_020611650.1 XP_020611926.1 XP_020612098.1 XP_020612109.1 XP_020612587.1 XP_020612903.1 XP_020613224.1 XP_020613239.1 XP_020613431.1 XP_020613633.1 XP_020613872.1 XP_020614299.1 XP_020615675.1 XP_020616131.1 XP_020617488.1 XP_020617694.1 XP_020618184.1 XP_020618239.1 XP_020618456.1 XP_020619015.1 XP_020619238.1 XP_020620129.1 XP_020620421.1 XP_020621977.1 XP_020621995.1 XP_020622028.1 XP_020622127.1 XP_020622688.1 XP_020622812.1 XP_020623054.1 XP_020623257.1 XP_020623449.1 XP_020623527.1 XP_020623734.1 XP_020624164.1 XP_020624629.1 XP_020624818.1 XP_020624928.1 XP_020626460.1 XP_020626565.1 XP_020626853.1 XP_020627061.1 XP_020627088.1 XP_020627341.1 XP_020627751.1 XP_020627765.1 XP_020627896.1 XP_020627967.1 XP_020627981.1 XP_020628658.1 XP_020628924.1 XP_020629046.1 XP_020629679.1 XP_020630460.1 XP_020630639.1 XP_020631454.1 XP_020632351.1 XP_020632603.1 XP_020632927.1"
0.0188925633082198,153,3605,1.27305858565687,"GO:0044237 cellular metabolic process "," http://amigo.geneontology.org/amigo/term/GO:0044237","YP_271952.1 YP_271956.1 YP_271954.1 XP_020600466.1 XP_020600708.1 XP_020600855.1 XP_020600856.1 XP_020601306.1 XP_020601325.1 XP_020601505.1 XP_020601625.1 XP_020601698.1 XP_020601956.1 XP_020602134.1 XP_020602470.1 XP_020602725.1 XP_020602803.1 XP_020602804.1 XP_020603032.1 XP_020603115.1 XP_020603196.1 XP_020603233.1 XP_020603521.1 XP_020603577.1 XP_020604025.1 XP_020604272.1 XP_020604457.1 XP_020604515.1 XP_020604528.1 XP_020604673.1 XP_020604763.1 XP_020605723.1 XP_020605730.1 XP_020605924.1 XP_020605999.1 XP_020606024.1 XP_020606241.1 XP_020606340.1 XP_020606525.1 XP_020606749.1 XP_020606765.1 XP_020606789.1 XP_020606785.1 XP_020607071.1 XP_020607385.1 XP_020607760.1 XP_020608112.1 XP_020608116.1 XP_020608234.1 XP_020608359.1 XP_020608408.1 XP_020609082.1 XP_020609224.1 XP_020609438.1 XP_020609655.1 XP_020609818.1 XP_020609851.1 XP_020610206.1 XP_020610341.1 XP_020610540.1 XP_020610856.1 XP_020610865.1 XP_020611148.1 XP_020611386.1 XP_020611604.1 XP_020611605.1 XP_020612098.1 XP_020612435.1 XP_020612587.1 XP_020612625.1 XP_020612791.1 XP_020612833.1 XP_020613224.1 XP_020613662.1 XP_020613872.1 XP_020613919.1 XP_020614028.1 XP_020615077.1 XP_020615168.1 XP_020615284.1 XP_020617488.1 XP_020617692.1 XP_020617694.1 XP_020618184.1 XP_020618239.1 XP_020618303.1 XP_020618453.1 XP_020618456.1 XP_020619137.1 XP_020619931.1 XP_020620048.1 XP_020620166.1 XP_020620691.1 XP_020620786.1 XP_020620895.1 XP_020621181.1 XP_020621977.1 XP_020622018.1 XP_020622028.1 XP_020622406.1 XP_020622574.1 XP_020622688.1 XP_020622812.1 XP_020622818.1 XP_020622819.1 XP_020622831.1 XP_020623032.1 XP_020623054.1 XP_020623449.1 XP_020623782.1 XP_020623907.1 XP_020623979.1 XP_020624392.1 XP_020624629.1 XP_020624928.1 XP_020625115.1 XP_020625734.1 XP_020625873.1 XP_020625939.1 XP_020626072.1 XP_020626171.1 XP_020626223.1 XP_020626385.1 XP_020626946.1 XP_020627030.1 XP_020627088.1 XP_020627169.1 XP_020627341.1 XP_020627365.1 XP_020627751.1 XP_020627765.1 XP_020627927.1 XP_020627967.1 XP_020628214.1 XP_020628312.1 XP_020628443.1 XP_020628499.1 XP_020628708.1 XP_020629048.1 XP_020629719.1 XP_020630133.1 XP_020630145.1 XP_020630639.1 XP_020630924.1 XP_020630934.1 XP_020631010.1 XP_020631454.1 XP_020631608.1 XP_020631692.1 XP_020632196.1 XP_020632532.1 XP_020632603.1 XP_020632723.1"
0.0188925633082198,15,153,2.59897773542407,"GO:0015399 primary active transmembrane transporter activity "," http://amigo.geneontology.org/amigo/term/GO:0015399","YP_271952.1 YP_271956.1 YP_271954.1 XP_020601172.1 XP_020602000.1 XP_020605092.1 XP_020607766.1 XP_020607897.1 XP_020609097.1 XP_020609101.1 XP_020609198.1 XP_020609424.1 XP_020627896.1 XP_020628658.1 XP_020632351.1"
0.0237212979995595,6,24,5.04944245739533,"GO:1901681 sulfur compound binding "," http://amigo.geneontology.org/amigo/term/GO:1901681","XP_020605840.1 XP_020609468.1 XP_020619015.1 XP_020628443.1 XP_020628499.1 XP_020632840.1"
0.0260864085644401,64,1508,1.48727825175089,"GO:0051179 localization "," http://amigo.geneontology.org/amigo/term/GO:0051179","YP_271952.1 XP_020600622.1 XP_020600665.1 XP_020600676.1 XP_020601172.1 XP_020602000.1 XP_020603301.1 XP_020603329.1 XP_020604515.1 XP_020604986.1 XP_020605092.1 XP_020605194.1 XP_020605233.1 XP_020605447.1 XP_020605613.1 XP_020605679.1 XP_020605977.1 XP_020607340.1 XP_020607761.1 XP_020607766.1 XP_020607897.1 XP_020609097.1 XP_020609101.1 XP_020609198.1 XP_020609424.1 XP_020610321.1 XP_020610439.1 XP_020611830.1 XP_020612066.1 XP_020612562.1 XP_020612585.1 XP_020614016.1 XP_020614341.1 XP_020614470.1 XP_020614574.1 XP_020614720.1 XP_020616376.1 XP_020616436.1 XP_020616737.1 XP_020617015.1 XP_020617211.1 XP_020621694.1 XP_020621697.1 XP_020622830.1 XP_020624362.1 XP_020625107.1 XP_020625110.1 XP_020625534.1 XP_020625868.1 XP_020626385.1 XP_020626607.1 XP_020626853.1 XP_020627678.1 XP_020627896.1 XP_020628658.1 XP_020629378.1 XP_020629533.1 XP_020629641.1 XP_020630145.1 XP_020630176.1 XP_020631277.1 XP_020632200.1 XP_020632351.1 XP_020632741.1"
0.0328499909882185,7,120,4.12371134020619,"GO:0034470 ncRNA processing "," http://amigo.geneontology.org/amigo/term/GO:0034470","XP_020601505.1 XP_020606525.1 XP_020607071.1 XP_020608116.1 XP_020617692.1 XP_020621181.1 XP_020629048.1"
0.0343187541881108,10,108,3.10053484226029,"GO:0140359 ABC-type transporter activity "," http://amigo.geneontology.org/amigo/term/GO:0140359","XP_020601172.1 XP_020605092.1 XP_020607766.1 XP_020607897.1 XP_020609097.1 XP_020609101.1 XP_020609198.1 XP_020609424.1 XP_020627896.1 XP_020632351.1"
0.0351881654235466,15,168,2.42096556176488,"GO:0005506 iron ion binding "," http://amigo.geneontology.org/amigo/term/GO:0005506","XP_020604863.1 XP_020609051.1 XP_020609150.1 XP_020609362.1 XP_020611135.1 XP_020611406.1 XP_020611634.1 XP_020611867.1 XP_020611930.1 XP_020611953.1 XP_020615168.1 XP_020621977.1 XP_020622819.1 XP_020626456.1 XP_020628715.1"
0.036186934324284,53,1218,1.52676703479516,"GO:0043412 macromolecule modification "," http://amigo.geneontology.org/amigo/term/GO:0043412","XP_020600708.1 XP_020600855.1 XP_020600856.1 XP_020601306.1 XP_020601325.1 XP_020601625.1 XP_020601698.1 XP_020603032.1 XP_020603115.1 XP_020604025.1 XP_020604528.1 XP_020604763.1 XP_020605730.1 XP_020605999.1 XP_020606024.1 XP_020608112.1 XP_020608116.1 XP_020608234.1 XP_020608359.1 XP_020609082.1 XP_020609224.1 XP_020609438.1 XP_020610540.1 XP_020610865.1 XP_020611386.1 XP_020612791.1 XP_020613872.1 XP_020615284.1 XP_020618239.1 XP_020618303.1 XP_020618453.1 XP_020621181.1 XP_020622028.1 XP_020622688.1 XP_020622831.1 XP_020623032.1 XP_020623979.1 XP_020624629.1 XP_020624928.1 XP_020625734.1 XP_020626072.1 XP_020626171.1 XP_020627088.1 XP_020627169.1 XP_020627341.1 XP_020627751.1 XP_020627765.1 XP_020629719.1 XP_020630639.1 XP_020630924.1 XP_020631010.1 XP_020631454.1 XP_020632532.1"
0.036186934324284,12,165,2.7189305539821,"GO:0051276 chromosome organization "," http://amigo.geneontology.org/amigo/term/GO:0051276","XP_020600466.1 XP_020607343.1 XP_020610141.1 XP_020610217.1 XP_020610804.1 XP_020613224.1 XP_020617172.1 XP_020617488.1 XP_020617694.1 XP_020620786.1 XP_020623054.1 XP_020632723.1"
0.0396502293121992,51,1449,1.53286646028072,"GO:0090304 nucleic acid metabolic process "," http://amigo.geneontology.org/amigo/term/GO:0090304","XP_020600466.1 XP_020601306.1 XP_020601505.1 XP_020601956.1 XP_020602134.1 XP_020602470.1 XP_020602804.1 XP_020603233.1 XP_020603577.1 XP_020604457.1 XP_020604515.1 XP_020605723.1 XP_020606525.1 XP_020606765.1 XP_020606785.1 XP_020607071.1 XP_020608116.1 XP_020609655.1 XP_020609818.1 XP_020610341.1 XP_020611386.1 XP_020611605.1 XP_020612098.1 XP_020612625.1 XP_020613224.1 XP_020613919.1 XP_020615077.1 XP_020617488.1 XP_020617692.1 XP_020617694.1 XP_020618184.1 XP_020618456.1 XP_020619137.1 XP_020620048.1 XP_020620166.1 XP_020620786.1 XP_020621181.1 XP_020622018.1 XP_020622574.1 XP_020622688.1 XP_020622812.1 XP_020623054.1 XP_020623782.1 XP_020625939.1 XP_020626946.1 XP_020627365.1 XP_020628312.1 XP_020629048.1 XP_020631692.1 XP_020632196.1 XP_020632723.1"
0.0406856390790273,5,31,5.35546927299505,"GO:0016709 oxidoreductase activity acting on paired donors with incorporation or reduction of molecular oxygen NAD(P)H as one donor and incorporation of one atom of oxygen "," http://amigo.geneontology.org/amigo/term/GO:0016709","XP_020602683.1 XP_020609150.1 XP_020611406.1 XP_020611953.1 XP_020620421.1"
0.0408401314944056,190,4504,1.207435898658,"GO:0008152 metabolic process "," http://amigo.geneontology.org/amigo/term/GO:0008152","YP_271952.1 YP_271956.1 YP_271954.1 XP_020600466.1 XP_020600708.1 XP_020600855.1 XP_020600856.1 XP_020600997.1 XP_020601306.1 XP_020601325.1 XP_020601505.1 XP_020601625.1 XP_020601698.1 XP_020601729.1 XP_020601956.1 XP_020602134.1 XP_020602137.1 XP_020602470.1 XP_020602725.1 XP_020602803.1 XP_020602804.1 XP_020602870.1 XP_020603032.1 XP_020603115.1 XP_020603196.1 XP_020603233.1 XP_020603521.1 XP_020603577.1 XP_020604025.1 XP_020604272.1 XP_020604411.1 XP_020604457.1 XP_020604515.1 XP_020604528.1 XP_020604673.1 XP_020604763.1 XP_020604869.1 XP_020605723.1 XP_020605730.1 XP_020605924.1 XP_020605999.1 XP_020606024.1 XP_020606220.1 XP_020606241.1 XP_020606340.1 XP_020606389.1 XP_020606525.1 XP_020606730.1 XP_020606749.1 XP_020606765.1 XP_020606789.1 XP_020606785.1 XP_020607071.1 XP_020607343.1 XP_020607385.1 XP_020607592.1 XP_020607760.1 XP_020608112.1 XP_020608116.1 XP_020608234.1 XP_020608278.1 XP_020608288.1 XP_020608359.1 XP_020608408.1 XP_020608501.1 XP_020608525.1 XP_020609082.1 XP_020609150.1 XP_020609224.1 XP_020609438.1 XP_020609655.1 XP_020609818.1 XP_020609851.1 XP_020610206.1 XP_020610341.1 XP_020610495.1 XP_020610540.1 XP_020610856.1 XP_020610865.1 XP_020611148.1 XP_020611301.1 XP_020611386.1 XP_020611406.1 XP_020611604.1 XP_020611605.1 XP_020611953.1 XP_020612098.1 XP_020612435.1 XP_020612587.1 XP_020612625.1 XP_020612694.1 XP_020612791.1 XP_020612833.1 XP_020613224.1 XP_020613662.1 XP_020613872.1 XP_020613919.1 XP_020614028.1 XP_020615077.1 XP_020615168.1 XP_020615284.1 XP_020615457.1 XP_020615539.1 XP_020616560.1 XP_020616737.1 XP_020617488.1 XP_020617692.1 XP_020617694.1 XP_020618184.1 XP_020618239.1 XP_020618303.1 XP_020618453.1 XP_020618456.1 XP_020619137.1 XP_020619461.1 XP_020619931.1 XP_020620048.1 XP_020620166.1 XP_020620648.1 XP_020620691.1 XP_020620786.1 XP_020620895.1 XP_020621181.1 XP_020621977.1 XP_020622018.1 XP_020622028.1 XP_020622127.1 XP_020622406.1 XP_020622574.1 XP_020622688.1 XP_020622812.1 XP_020622818.1 XP_020622819.1 XP_020622831.1 XP_020623032.1 XP_020623054.1 XP_020623449.1 XP_020623579.1 XP_020623671.1 XP_020623782.1 XP_020623907.1 XP_020623979.1 XP_020624392.1 XP_020624629.1 XP_020624928.1 XP_020624942.1 XP_020625115.1 XP_020625734.1 XP_020625873.1 XP_020625939.1 XP_020626072.1 XP_020626171.1 XP_020626223.1 XP_020626380.1 XP_020626385.1 XP_020626946.1 XP_020627030.1 XP_020627088.1 XP_020627169.1 XP_020627306.1 XP_020627341.1 XP_020627365.1 XP_020627368.1 XP_020627751.1 XP_020627765.1 XP_020627927.1 XP_020627967.1 XP_020627989.1 XP_020628214.1 XP_020628312.1 XP_020628443.1 XP_020628499.1 XP_020628708.1 XP_020629048.1 XP_020629719.1 XP_020630133.1 XP_020630145.1 XP_020630639.1 XP_020630924.1 XP_020630934.1 XP_020631010.1 XP_020631277.1 XP_020631454.1 XP_020631597.1 XP_020631608.1 XP_020631692.1 XP_020632196.1 XP_020632532.1 XP_020632603.1 XP_020632723.1"
0.0420559993958552,59,1255,1.47275405007364,"GO:0010467 gene expression "," http://amigo.geneontology.org/amigo/term/GO:0010467","XP_020601505.1 XP_020601956.1 XP_020602134.1 XP_020602137.1 XP_020602804.1 XP_020603233.1 XP_020603577.1 XP_020604457.1 XP_020604515.1 XP_020605723.1 XP_020606525.1 XP_020606785.1 XP_020607071.1 XP_020607343.1 XP_020607385.1 XP_020607760.1 XP_020608116.1 XP_020609655.1 XP_020609818.1 XP_020610341.1 XP_020611301.1 XP_020611386.1 XP_020611604.1 XP_020611605.1 XP_020613919.1 XP_020614028.1 XP_020615077.1 XP_020616737.1 XP_020617692.1 XP_020617694.1 XP_020618184.1 XP_020619137.1 XP_020619931.1 XP_020620048.1 XP_020620166.1 XP_020620648.1 XP_020621181.1 XP_020622018.1 XP_020622127.1 XP_020622574.1 XP_020622688.1 XP_020622812.1 XP_020622818.1 XP_020623782.1 XP_020623907.1 XP_020625939.1 XP_020627306.1 XP_020627365.1 XP_020627368.1 XP_020627927.1 XP_020628214.1 XP_020628312.1 XP_020629048.1 XP_020631277.1 XP_020631597.1 XP_020631608.1 XP_020631692.1 XP_020632196.1 XP_020632723.1"
0.0437684102331194,154,3361,1.23936679623683,"GO:0043167 ion binding "," http://amigo.geneontology.org/amigo/term/GO:0043167","YP_271952.1 XP_020600427.1 XP_020600466.1 XP_020600708.1 XP_020600947.1 XP_020601172.1 XP_020601420.1 XP_020601698.1 XP_020602000.1 XP_020602134.1 XP_020602137.1 XP_020602683.1 XP_020602720.1 XP_020602884.1 XP_020603032.1 XP_020603115.1 XP_020603163.1 XP_020603329.1 XP_020604025.1 XP_020604199.1 XP_020604272.1 XP_020604353.1 XP_020604528.1 XP_020604584.1 XP_020604763.1 XP_020604863.1 XP_020604986.1 XP_020605092.1 XP_020605730.1 XP_020605840.1 XP_020605851.1 XP_020605924.1 XP_020606024.1 XP_020606358.1 XP_020606389.1 XP_020606399.1 XP_020606789.1 XP_020606828.1 XP_020607726.1 XP_020607766.1 XP_020607897.1 XP_020608112.1 XP_020608278.1 XP_020608359.1 XP_020608525.1 XP_020608961.1 XP_020609051.1 XP_020609082.1 XP_020609097.1 XP_020609101.1 XP_020609150.1 XP_020609198.1 XP_020609362.1 XP_020609424.1 XP_020609468.1 XP_020609655.1 XP_020609847.1 XP_020609851.1 XP_020610141.1 XP_020610321.1 XP_020610825.1 XP_020610835.1 XP_020611135.1 XP_020611148.1 XP_020611406.1 XP_020611634.1 XP_020611650.1 XP_020611857.1 XP_020611867.1 XP_020611926.1 XP_020611930.1 XP_020611953.1 XP_020612098.1 XP_020612109.1 XP_020612192.1 XP_020612903.1 XP_020613224.1 XP_020613239.1 XP_020613431.1 XP_020613633.1 XP_020613872.1 XP_020613915.1 XP_020614299.1 XP_020615168.1 XP_020615675.1 XP_020616131.1 XP_020616912.1 XP_020617136.1 XP_020617226.1 XP_020617465.1 XP_020617488.1 XP_020617690.1 XP_020617694.1 XP_020618184.1 XP_020618239.1 XP_020618303.1 XP_020618453.1 XP_020618456.1 XP_020619238.1 XP_020619461.1 XP_020619505.1 XP_020620129.1 XP_020620421.1 XP_020621808.1 XP_020621977.1 XP_020621995.1 XP_020622028.1 XP_020622127.1 XP_020622574.1 XP_020622688.1 XP_020622812.1 XP_020622819.1 XP_020623054.1 XP_020623257.1 XP_020623449.1 XP_020623527.1 XP_020623671.1 XP_020623734.1 XP_020624164.1 XP_020624629.1 XP_020624662.1 XP_020624818.1 XP_020624928.1 XP_020626456.1 XP_020626460.1 XP_020626565.1 XP_020626853.1 XP_020627061.1 XP_020627088.1 XP_020627341.1 XP_020627678.1 XP_020627705.1 XP_020627751.1 XP_020627765.1 XP_020627896.1 XP_020627967.1 XP_020627981.1 XP_020628443.1 XP_020628496.1 XP_020628499.1 XP_020628658.1 XP_020628715.1 XP_020628924.1 XP_020629046.1 XP_020629679.1 XP_020630460.1 XP_020630639.1 XP_020631175.1 XP_020631454.1 XP_020632198.1 XP_020632351.1 XP_020632603.1 XP_020632840.1 XP_020632927.1"
0.0462039493001703,25,754,1.8642456330046,"GO:0003677 DNA binding "," http://amigo.geneontology.org/amigo/term/GO:0003677","XP_020600466.1 XP_020601505.1 XP_020603233.1 XP_020603577.1 XP_020604986.1 XP_020605723.1 XP_020607774.1 XP_020610141.1 XP_020610217.1 XP_020610804.1 XP_020612098.1 XP_020612625.1 XP_020613239.1 XP_020617488.1 XP_020618184.1 XP_020618303.1 XP_020618456.1 XP_020619137.1 XP_020620166.1 XP_020620786.1 XP_020622192.1 XP_020623054.1 XP_020623782.1 XP_020624216.1 XP_020632196.1"
0.0462039493001703,9,143,3.11877328250888,"GO:0140097 catalytic activity acting on DNA "," http://amigo.geneontology.org/amigo/term/GO:0140097","XP_020602470.1 XP_020606765.1 XP_020610141.1 XP_020612098.1 XP_020613239.1 XP_020617694.1 XP_020618456.1 XP_020623054.1 XP_020626946.1"
0.0528939907958911,61,1639,1.43453887512163,"GO:0006139 nucleobase-containing compound metabolic process "," http://amigo.geneontology.org/amigo/term/GO:0006139","XP_020600466.1 XP_020601306.1 XP_020601505.1 XP_020601956.1 XP_020602134.1 XP_020602470.1 XP_020602803.1 XP_020602804.1 XP_020603233.1 XP_020603577.1 XP_020604457.1 XP_020604515.1 XP_020604673.1 XP_020605723.1 XP_020605924.1 XP_020606241.1 XP_020606340.1 XP_020606525.1 XP_020606749.1 XP_020606765.1 XP_020606785.1 XP_020607071.1 XP_020608116.1 XP_020609655.1 XP_020609818.1 XP_020610341.1 XP_020611148.1 XP_020611386.1 XP_020611605.1 XP_020612098.1 XP_020612625.1 XP_020613224.1 XP_020613919.1 XP_020615077.1 XP_020617488.1 XP_020617692.1 XP_020617694.1 XP_020618184.1 XP_020618456.1 XP_020619137.1 XP_020620048.1 XP_020620166.1 XP_020620786.1 XP_020621181.1 XP_020622018.1 XP_020622574.1 XP_020622688.1 XP_020622812.1 XP_020623054.1 XP_020623449.1 XP_020623782.1 XP_020625939.1 XP_020626946.1 XP_020627030.1 XP_020627365.1 XP_020628312.1 XP_020629048.1 XP_020631692.1 XP_020632196.1 XP_020632603.1 XP_020632723.1"
0.0528939907958911,5,54,4.90918016691213,"GO:0006364 rRNA processing "," http://amigo.geneontology.org/amigo/term/GO:0006364","XP_020601505.1 XP_020606525.1 XP_020607071.1 XP_020617692.1 XP_020629048.1"
0.0528939907958911,21,285,1.96367206676485,"GO:0006396 RNA processing "," http://amigo.geneontology.org/amigo/term/GO:0006396","XP_020601505.1 XP_020601956.1 XP_020604457.1 XP_020604515.1 XP_020606525.1 XP_020607071.1 XP_020608116.1 XP_020609655.1 XP_020611386.1 XP_020611605.1 XP_020613919.1 XP_020617692.1 XP_020618184.1 XP_020621181.1 XP_020622018.1 XP_020622688.1 XP_020622812.1 XP_020625939.1 XP_020628312.1 XP_020629048.1 XP_020631692.1"
0.0528939907958911,3,8,8.83652430044183,"GO:0032574 5-prime-3-prime RNA helicase activity "," http://amigo.geneontology.org/amigo/term/GO:0032574","XP_020602137.1 XP_020627306.1 XP_020627368.1"
0.0528939907958911,3,12,8.83652430044183,"GO:0033781 cholesterol 24-hydroxylase activity "," http://amigo.geneontology.org/amigo/term/GO:0033781","XP_020609150.1 XP_020611406.1 XP_020611953.1"
0.0528939907958911,3,12,8.83652430044183,"GO:0006706 steroid catabolic process "," http://amigo.geneontology.org/amigo/term/GO:0006706","XP_020609150.1 XP_020611406.1 XP_020611953.1"
0.0528939907958911,3,12,8.83652430044183,"GO:0006707 cholesterol catabolic process "," http://amigo.geneontology.org/amigo/term/GO:0006707","XP_020609150.1 XP_020611406.1 XP_020611953.1"
0.0528939907958911,3,12,8.83652430044183,"GO:0016127 sterol catabolic process "," http://amigo.geneontology.org/amigo/term/GO:0016127","XP_020609150.1 XP_020611406.1 XP_020611953.1"
0.0528939907958911,9,99,3.0296654744372,"GO:0022613 ribonucleoprotein complex biogenesis "," http://amigo.geneontology.org/amigo/term/GO:0022613","XP_020601306.1 XP_020601505.1 XP_020606525.1 XP_020607071.1 XP_020607761.1 XP_020615994.1 XP_020617692.1 XP_020625939.1 XP_020629048.1"
0.0701286214149643,5,19,4.5315509233035,"GO:0051168 nuclear export "," http://amigo.geneontology.org/amigo/term/GO:0051168","XP_020604515.1 XP_020607761.1 XP_020614470.1 XP_020616737.1 XP_020631277.1"
0.0701286214149643,28,432,1.71821305841924,"GO:0016788 hydrolase activity acting on ester bonds "," http://amigo.geneontology.org/amigo/term/GO:0016788","XP_020600856.1 XP_020602804.1 XP_020604411.1 XP_020604584.1 XP_020606241.1 XP_020606279.1 XP_020606340.1 XP_020606525.1 XP_020606765.1 XP_020610540.1 XP_020611857.1 XP_020612020.1 XP_020612587.1 XP_020613716.1 XP_020615284.1 XP_020618184.1 XP_020620538.1 XP_020620967.1 XP_020622192.1 XP_020622406.1 XP_020622431.1 XP_020622574.1 XP_020623032.1 XP_020624392.1 XP_020626849.1 XP_020628291.1 XP_020629719.1 XP_020632147.1"
0.0745404695958976,15,196,2.15524982937606,"GO:0016705 oxidoreductase activity acting on paired donors with incorporation or reduction of molecular oxygen "," http://amigo.geneontology.org/amigo/term/GO:0016705","XP_020602683.1 XP_020603521.1 XP_020604863.1 XP_020609051.1 XP_020609150.1 XP_020609362.1 XP_020611135.1 XP_020611386.1 XP_020611406.1 XP_020611634.1 XP_020611867.1 XP_020611930.1 XP_020611953.1 XP_020620421.1 XP_020626456.1"
0.0780485255757916,49,1147,1.46900658429737,"GO:0036211 protein modification process "," http://amigo.geneontology.org/amigo/term/GO:0036211","XP_020600708.1 XP_020600855.1 XP_020600856.1 XP_020601325.1 XP_020601625.1 XP_020601698.1 XP_020603032.1 XP_020603115.1 XP_020604025.1 XP_020604528.1 XP_020604763.1 XP_020605730.1 XP_020605999.1 XP_020606024.1 XP_020608112.1 XP_020608234.1 XP_020608359.1 XP_020609082.1 XP_020609224.1 XP_020609438.1 XP_020610540.1 XP_020610865.1 XP_020612791.1 XP_020613872.1 XP_020615284.1 XP_020618239.1 XP_020618303.1 XP_020618453.1 XP_020622028.1 XP_020622688.1 XP_020622831.1 XP_020623032.1 XP_020623979.1 XP_020624629.1 XP_020624928.1 XP_020625734.1 XP_020626072.1 XP_020626171.1 XP_020627088.1 XP_020627169.1 XP_020627341.1 XP_020627751.1 XP_020627765.1 XP_020629719.1 XP_020630639.1 XP_020630924.1 XP_020631010.1 XP_020631454.1 XP_020632532.1"
0.0780485255757916,49,1147,1.46900658429737,"GO:0006464 cellular protein modification process "," http://amigo.geneontology.org/amigo/term/GO:0006464","XP_020600708.1 XP_020600855.1 XP_020600856.1 XP_020601325.1 XP_020601625.1 XP_020601698.1 XP_020603032.1 XP_020603115.1 XP_020604025.1 XP_020604528.1 XP_020604763.1 XP_020605730.1 XP_020605999.1 XP_020606024.1 XP_020608112.1 XP_020608234.1 XP_020608359.1 XP_020609082.1 XP_020609224.1 XP_020609438.1 XP_020610540.1 XP_020610865.1 XP_020612791.1 XP_020613872.1 XP_020615284.1 XP_020618239.1 XP_020618303.1 XP_020618453.1 XP_020622028.1 XP_020622688.1 XP_020622831.1 XP_020623032.1 XP_020623979.1 XP_020624629.1 XP_020624928.1 XP_020625734.1 XP_020626072.1 XP_020626171.1 XP_020627088.1 XP_020627169.1 XP_020627341.1 XP_020627751.1 XP_020627765.1 XP_020629719.1 XP_020630639.1 XP_020630924.1 XP_020631010.1 XP_020631454.1 XP_020632532.1"
0.0780485255757916,6,76,3.72064181071235,"GO:0008094 ATP-dependent activity acting on DNA "," http://amigo.geneontology.org/amigo/term/GO:0008094","XP_020606765.1 XP_020610141.1 XP_020613239.1 XP_020617694.1 XP_020618456.1 XP_020623054.1"
0.0780485255757916,31,636,1.64523875864082,"GO:0016773 phosphotransferase activity alcohol group as acceptor "," http://amigo.geneontology.org/amigo/term/GO:0016773","XP_020600708.1 XP_020601014.1 XP_020601698.1 XP_020603032.1 XP_020603115.1 XP_020604025.1 XP_020604528.1 XP_020604763.1 XP_020605730.1 XP_020606024.1 XP_020606100.1 XP_020606220.1 XP_020608112.1 XP_020608359.1 XP_020609082.1 XP_020612833.1 XP_020613872.1 XP_020618239.1 XP_020619870.1 XP_020622028.1 XP_020622688.1 XP_020624629.1 XP_020624928.1 XP_020626385.1 XP_020627088.1 XP_020627341.1 XP_020627751.1 XP_020627765.1 XP_020630639.1 XP_020631454.1 XP_020632603.1"
0.0852680461702289,27,576,1.70114906318666,"GO:0004672 protein kinase activity "," http://amigo.geneontology.org/amigo/term/GO:0004672","XP_020600708.1 XP_020601014.1 XP_020601698.1 XP_020603032.1 XP_020603115.1 XP_020604025.1 XP_020604528.1 XP_020604763.1 XP_020605730.1 XP_020606024.1 XP_020608112.1 XP_020608359.1 XP_020609082.1 XP_020612833.1 XP_020613872.1 XP_020618239.1 XP_020622028.1 XP_020622688.1 XP_020624629.1 XP_020624928.1 XP_020626385.1 XP_020627088.1 XP_020627341.1 XP_020627751.1 XP_020627765.1 XP_020630639.1 XP_020631454.1"
0.0896441994860657,4,29,5.23645884470627,"GO:0006261 DNA-templated DNA replication "," http://amigo.geneontology.org/amigo/term/GO:0006261","XP_020600466.1 XP_020606765.1 XP_020617488.1 XP_020623054.1"
0.0896441994860657,12,139,2.31777686568966,"GO:0042626 ATPase-coupled transmembrane transporter activity "," http://amigo.geneontology.org/amigo/term/GO:0042626","XP_020601172.1 XP_020602000.1 XP_020605092.1 XP_020607766.1 XP_020607897.1 XP_020609097.1 XP_020609101.1 XP_020609198.1 XP_020609424.1 XP_020627896.1 XP_020628658.1 XP_020632351.1"
0.0896930673227183,40,2810,1.5202622452373,"GO:0016021 integral component of membrane "," http://amigo.geneontology.org/amigo/term/GO:0016021","YP_271952.1 YP_271956.1 YP_271954.1 XP_020600622.1 XP_020600665.1 XP_020600676.1 XP_020601172.1 XP_020601873.1 XP_020602000.1 XP_020603196.1 XP_020603513.1 XP_020603521.1 XP_020605092.1 XP_020605194.1 XP_020605233.1 XP_020607766.1 XP_020607897.1 XP_020608528.1 XP_020609097.1 XP_020609101.1 XP_020609198.1 XP_020609424.1 XP_020611596.1 XP_020612066.1 XP_020614341.1 XP_020616376.1 XP_020619331.1 XP_020623979.1 XP_020624362.1 XP_020625110.1 XP_020626565.1 XP_020626853.1 XP_020627414.1 XP_020627896.1 XP_020628658.1 XP_020628714.1 XP_020629533.1 XP_020629641.1 XP_020630460.1 XP_020632351.1"
0.0969561813073978,3,11,7.06921944035346,"GO:0035194 post-transcriptional gene silencing by RNA "," http://amigo.geneontology.org/amigo/term/GO:0035194","XP_020602137.1 XP_020627306.1 XP_020627368.1"
0.0969561813073978,3,34,7.06921944035346,"GO:0099094 ligand-gated cation channel activity "," http://amigo.geneontology.org/amigo/term/GO:0099094","XP_020600622.1 XP_020603329.1 XP_020629533.1"
0.0969561813073978,3,15,7.06921944035346,"GO:0008203 cholesterol metabolic process "," http://amigo.geneontology.org/amigo/term/GO:0008203","XP_020609150.1 XP_020611406.1 XP_020611953.1"
0.0969561813073978,3,13,7.06921944035346,"GO:0016441 post-transcriptional gene silencing "," http://amigo.geneontology.org/amigo/term/GO:0016441","XP_020602137.1 XP_020627306.1 XP_020627368.1"
0.0980795862578565,64,1733,1.36603274209729,"GO:1901360 organic cyclic compound metabolic process "," http://amigo.geneontology.org/amigo/term/GO:1901360","XP_020600466.1 XP_020601306.1 XP_020601505.1 XP_020601956.1 XP_020602134.1 XP_020602470.1 XP_020602803.1 XP_020602804.1 XP_020603233.1 XP_020603577.1 XP_020604457.1 XP_020604515.1 XP_020604673.1 XP_020605723.1 XP_020605924.1 XP_020606241.1 XP_020606340.1 XP_020606525.1 XP_020606749.1 XP_020606765.1 XP_020606785.1 XP_020607071.1 XP_020608116.1 XP_020609150.1 XP_020609655.1 XP_020609818.1 XP_020610341.1 XP_020611148.1 XP_020611386.1 XP_020611406.1 XP_020611605.1 XP_020611953.1 XP_020612098.1 XP_020612625.1 XP_020613224.1 XP_020613919.1 XP_020615077.1 XP_020617488.1 XP_020617692.1 XP_020617694.1 XP_020618184.1 XP_020618456.1 XP_020619137.1 XP_020620048.1 XP_020620166.1 XP_020620786.1 XP_020621181.1 XP_020622018.1 XP_020622574.1 XP_020622688.1 XP_020622812.1 XP_020623054.1 XP_020623449.1 XP_020623782.1 XP_020625939.1 XP_020626946.1 XP_020627030.1 XP_020627365.1 XP_020628312.1 XP_020629048.1 XP_020631692.1 XP_020632196.1 XP_020632603.1 XP_020632723.1"
0.0980795862578565,40,2813,1.50569104160883,"GO:0031224 intrinsic component of membrane "," http://amigo.geneontology.org/amigo/term/GO:0031224","YP_271952.1 YP_271956.1 YP_271954.1 XP_020600622.1 XP_020600665.1 XP_020600676.1 XP_020601172.1 XP_020601873.1 XP_020602000.1 XP_020603196.1 XP_020603513.1 XP_020603521.1 XP_020605092.1 XP_020605194.1 XP_020605233.1 XP_020607766.1 XP_020607897.1 XP_020608528.1 XP_020609097.1 XP_020609101.1 XP_020609198.1 XP_020609424.1 XP_020611596.1 XP_020612066.1 XP_020614341.1 XP_020616376.1 XP_020619331.1 XP_020623979.1 XP_020624362.1 XP_020625110.1 XP_020626565.1 XP_020626853.1 XP_020627414.1 XP_020627896.1 XP_020628658.1 XP_020628714.1 XP_020629533.1 XP_020629641.1 XP_020630460.1 XP_020632351.1"
0.10881370685846,5,34,3.9273441335297,"GO:0004527 exonuclease activity "," http://amigo.geneontology.org/amigo/term/GO:0004527","XP_020602804.1 XP_020606241.1 XP_020606340.1 XP_020606525.1 XP_020622574.1"
0.10881370685846,5,60,3.9273441335297,"GO:0016072 rRNA metabolic process "," http://amigo.geneontology.org/amigo/term/GO:0016072","XP_020601505.1 XP_020606525.1 XP_020607071.1 XP_020617692.1 XP_020629048.1"
0.110812045586497,6,42,3.36629497159689,"GO:0004540 ribonuclease activity "," http://amigo.geneontology.org/amigo/term/GO:0004540","XP_020604584.1 XP_020606525.1 XP_020612020.1 XP_020613716.1 XP_020618184.1 XP_020622574.1"
0.115952930256519,78,1927,1.30725252808812,"GO:0044260 cellular macromolecule metabolic process "," http://amigo.geneontology.org/amigo/term/GO:0044260","XP_020600466.1 XP_020600708.1 XP_020600855.1 XP_020600856.1 XP_020601325.1 XP_020601625.1 XP_020601698.1 XP_020602134.1 XP_020602470.1 XP_020602804.1 XP_020603032.1 XP_020603115.1 XP_020604025.1 XP_020604528.1 XP_020604763.1 XP_020605730.1 XP_020605999.1 XP_020606024.1 XP_020606765.1 XP_020607385.1 XP_020607760.1 XP_020608112.1 XP_020608116.1 XP_020608234.1 XP_020608359.1 XP_020609082.1 XP_020609224.1 XP_020609438.1 XP_020610540.1 XP_020610865.1 XP_020611604.1 XP_020612098.1 XP_020612625.1 XP_020612791.1 XP_020613224.1 XP_020613872.1 XP_020614028.1 XP_020615284.1 XP_020617488.1 XP_020618239.1 XP_020618303.1 XP_020618453.1 XP_020618456.1 XP_020619931.1 XP_020620691.1 XP_020620786.1 XP_020622028.1 XP_020622574.1 XP_020622688.1 XP_020622818.1 XP_020622831.1 XP_020623032.1 XP_020623054.1 XP_020623907.1 XP_020623979.1 XP_020624629.1 XP_020624928.1 XP_020625734.1 XP_020626072.1 XP_020626171.1 XP_020626946.1 XP_020627088.1 XP_020627169.1 XP_020627341.1 XP_020627751.1 XP_020627765.1 XP_020627927.1 XP_020628214.1 XP_020628708.1 XP_020629719.1 XP_020630639.1 XP_020630924.1 XP_020630934.1 XP_020631010.1 XP_020631454.1 XP_020631608.1 XP_020632532.1 XP_020632723.1"
0.115952930256519,4,14,4.71281296023564,"GO:0016226 iron-sulfur cluster assembly "," http://amigo.geneontology.org/amigo/term/GO:0016226","XP_020610206.1 XP_020615168.1 XP_020622819.1 XP_020627967.1"
0.115952930256519,4,14,4.71281296023564,"GO:0031163 metallo-sulfur cluster assembly "," http://amigo.geneontology.org/amigo/term/GO:0031163","XP_020610206.1 XP_020615168.1 XP_020622819.1 XP_020627967.1"
0.124530864486533,12,416,2.17514444318568,"GO:0006259 DNA metabolic process "," http://amigo.geneontology.org/amigo/term/GO:0006259","XP_020600466.1 XP_020602470.1 XP_020606765.1 XP_020612098.1 XP_020612625.1 XP_020613224.1 XP_020617488.1 XP_020618456.1 XP_020620786.1 XP_020623054.1 XP_020626946.1 XP_020632723.1"
0.134794783216167,162,4119,1.18038914588462,"GO:0044238 primary metabolic process "," http://amigo.geneontology.org/amigo/term/GO:0044238","XP_020600466.1 XP_020600708.1 XP_020600855.1 XP_020600856.1 XP_020600997.1 XP_020601306.1 XP_020601325.1 XP_020601505.1 XP_020601625.1 XP_020601698.1 XP_020601956.1 XP_020602134.1 XP_020602470.1 XP_020602803.1 XP_020602804.1 XP_020603032.1 XP_020603115.1 XP_020603233.1 XP_020603521.1 XP_020603577.1 XP_020604025.1 XP_020604411.1 XP_020604457.1 XP_020604515.1 XP_020604528.1 XP_020604673.1 XP_020604763.1 XP_020604869.1 XP_020605723.1 XP_020605730.1 XP_020605924.1 XP_020605999.1 XP_020606024.1 XP_020606220.1 XP_020606241.1 XP_020606340.1 XP_020606389.1 XP_020606525.1 XP_020606730.1 XP_020606749.1 XP_020606765.1 XP_020606789.1 XP_020606785.1 XP_020607071.1 XP_020607385.1 XP_020607760.1 XP_020608112.1 XP_020608116.1 XP_020608234.1 XP_020608278.1 XP_020608288.1 XP_020608359.1 XP_020608501.1 XP_020608525.1 XP_020609082.1 XP_020609150.1 XP_020609224.1 XP_020609438.1 XP_020609655.1 XP_020609818.1 XP_020609851.1 XP_020610341.1 XP_020610495.1 XP_020610540.1 XP_020610856.1 XP_020610865.1 XP_020611148.1 XP_020611301.1 XP_020611386.1 XP_020611406.1 XP_020611604.1 XP_020611605.1 XP_020611953.1 XP_020612098.1 XP_020612435.1 XP_020612587.1 XP_020612625.1 XP_020612694.1 XP_020612791.1 XP_020613224.1 XP_020613872.1 XP_020613919.1 XP_020614028.1 XP_020615077.1 XP_020615284.1 XP_020615457.1 XP_020615539.1 XP_020616560.1 XP_020617488.1 XP_020617692.1 XP_020617694.1 XP_020618184.1 XP_020618239.1 XP_020618303.1 XP_020618453.1 XP_020618456.1 XP_020619137.1 XP_020619461.1 XP_020619931.1 XP_020620048.1 XP_020620166.1 XP_020620648.1 XP_020620691.1 XP_020620786.1 XP_020621181.1 XP_020621977.1 XP_020622018.1 XP_020622028.1 XP_020622406.1 XP_020622574.1 XP_020622688.1 XP_020622812.1 XP_020622818.1 XP_020622831.1 XP_020623032.1 XP_020623054.1 XP_020623449.1 XP_020623579.1 XP_020623671.1 XP_020623782.1 XP_020623907.1 XP_020623979.1 XP_020624392.1 XP_020624629.1 XP_020624928.1 XP_020624942.1 XP_020625734.1 XP_020625873.1 XP_020625939.1 XP_020626072.1 XP_020626171.1 XP_020626380.1 XP_020626946.1 XP_020627030.1 XP_020627088.1 XP_020627169.1 XP_020627341.1 XP_020627365.1 XP_020627751.1 XP_020627765.1 XP_020627927.1 XP_020627989.1 XP_020628214.1 XP_020628312.1 XP_020628443.1 XP_020628499.1 XP_020628708.1 XP_020629048.1 XP_020629719.1 XP_020630133.1 XP_020630639.1 XP_020630924.1 XP_020630934.1 XP_020631010.1 XP_020631454.1 XP_020631597.1 XP_020631608.1 XP_020631692.1 XP_020632196.1 XP_020632532.1 XP_020632603.1 XP_020632723.1"
0.134830404736412,3,10,5.89101620029455,"GO:0032392 DNA geometric change "," http://amigo.geneontology.org/amigo/term/GO:0032392","XP_020600466.1 XP_020617488.1 XP_020623054.1"
0.134830404736412,3,10,5.89101620029455,"GO:0032508 DNA duplex unwinding "," http://amigo.geneontology.org/amigo/term/GO:0032508","XP_020600466.1 XP_020617488.1 XP_020623054.1"
0.134830404736412,61,1696,1.34086562767898,"GO:0046483 heterocycle metabolic process "," http://amigo.geneontology.org/amigo/term/GO:0046483","XP_020600466.1 XP_020601306.1 XP_020601505.1 XP_020601956.1 XP_020602134.1 XP_020602470.1 XP_020602803.1 XP_020602804.1 XP_020603233.1 XP_020603577.1 XP_020604457.1 XP_020604515.1 XP_020604673.1 XP_020605723.1 XP_020605924.1 XP_020606241.1 XP_020606340.1 XP_020606525.1 XP_020606749.1 XP_020606765.1 XP_020606785.1 XP_020607071.1 XP_020608116.1 XP_020609655.1 XP_020609818.1 XP_020610341.1 XP_020611148.1 XP_020611386.1 XP_020611605.1 XP_020612098.1 XP_020612625.1 XP_020613224.1 XP_020613919.1 XP_020615077.1 XP_020617488.1 XP_020617692.1 XP_020617694.1 XP_020618184.1 XP_020618456.1 XP_020619137.1 XP_020620048.1 XP_020620166.1 XP_020620786.1 XP_020621181.1 XP_020622018.1 XP_020622574.1 XP_020622688.1 XP_020622812.1 XP_020623054.1 XP_020623449.1 XP_020623782.1 XP_020625939.1 XP_020626946.1 XP_020627030.1 XP_020627365.1 XP_020628312.1 XP_020629048.1 XP_020631692.1 XP_020632196.1 XP_020632603.1 XP_020632723.1"
0.134830404736412,3,11,5.89101620029455,"GO:0051656 establishment of organelle localization "," http://amigo.geneontology.org/amigo/term/GO:0051656","XP_020607761.1 XP_020610321.1 XP_020630145.1"
0.134830404736412,3,13,5.89101620029455,"GO:0006270 DNA replication initiation "," http://amigo.geneontology.org/amigo/term/GO:0006270","XP_020600466.1 XP_020617488.1 XP_020623054.1"
0.134830404736412,8,190,2.61822942235313,"GO:0006281 DNA repair "," http://amigo.geneontology.org/amigo/term/GO:0006281","XP_020602470.1 XP_020612098.1 XP_020612625.1 XP_020613224.1 XP_020618456.1 XP_020620786.1 XP_020626946.1 XP_020632723.1"
0.134830404736412,3,16,5.89101620029455,"GO:1902652 secondary alcohol metabolic process "," http://amigo.geneontology.org/amigo/term/GO:1902652","XP_020609150.1 XP_020611406.1 XP_020611953.1"
0.134830404736412,3,7,5.89101620029455,"GO:0042555 MCM complex "," http://amigo.geneontology.org/amigo/term/GO:0042555","XP_020600466.1 XP_020617488.1 XP_020623054.1"
0.134830404736412,3,40,5.89101620029455,"GO:0003678 DNA helicase activity "," http://amigo.geneontology.org/amigo/term/GO:0003678","XP_020606765.1 XP_020618456.1 XP_020623054.1"
0.134830404736412,31,418,1.54763984922992,"GO:0003723 RNA binding "," http://amigo.geneontology.org/amigo/term/GO:0003723","XP_020602137.1 XP_020602158.1 XP_020604457.1 XP_020604584.1 XP_020604628.1 XP_020607385.1 XP_020608118.1 XP_020609655.1 XP_020612020.1 XP_020613633.1 XP_020613919.1 XP_020616737.1 XP_020616914.1 XP_020617339.1 XP_020617692.1 XP_020618710.1 XP_020619252.1 XP_020619931.1 XP_020620588.1 XP_020622574.1 XP_020623257.1 XP_020623907.1 XP_020624047.1 XP_020624168.1 XP_020626460.1 XP_020627169.1 XP_020627306.1 XP_020627368.1 XP_020629173.1 XP_020632536.1 XP_020632584.1"
0.134830404736412,3,23,5.89101620029455,"GO:0008375 acetylglucosaminyltransferase activity "," http://amigo.geneontology.org/amigo/term/GO:0008375","XP_020626072.1 XP_020626171.1 XP_020630924.1"
0.134830404736412,15,164,1.94209325284436,"GO:0016887 ATP hydrolysis activity "," http://amigo.geneontology.org/amigo/term/GO:0016887","XP_020602000.1 XP_020604199.1 XP_020612903.1 XP_020613239.1 XP_020613431.1 XP_020616488.1 XP_020616490.1 XP_020616494.1 XP_020617694.1 XP_020619238.1 XP_020627967.1 XP_020627981.1 XP_020628658.1 XP_020630788.1 XP_020632723.1"
0.134830404736412,17,609,1.83756468633041,"GO:0006811 ion transport "," http://amigo.geneontology.org/amigo/term/GO:0006811","YP_271952.1 XP_020600622.1 XP_020600665.1 XP_020600676.1 XP_020602000.1 XP_020603329.1 XP_020605233.1 XP_020605679.1 XP_020610439.1 XP_020612066.1 XP_020622830.1 XP_020624362.1 XP_020625110.1 XP_020626607.1 XP_020628658.1 XP_020629533.1 XP_020629641.1"
0.134830404736412,3,12,5.89101620029455,"GO:0031047 gene silencing by RNA "," http://amigo.geneontology.org/amigo/term/GO:0031047","XP_020602137.1 XP_020627306.1 XP_020627368.1"
0.144418199619177,41,789,1.43768847745284,"GO:0071840 cellular component organization or biogenesis "," http://amigo.geneontology.org/amigo/term/GO:0071840","XP_020600466.1 XP_020600665.1 XP_020600997.1 XP_020601306.1 XP_020601505.1 XP_020602725.1 XP_020605447.1 XP_020606525.1 XP_020607071.1 XP_020607343.1 XP_020607761.1 XP_020608528.1 XP_020610141.1 XP_020610206.1 XP_020610217.1 XP_020610278.1 XP_020610804.1 XP_020610926.1 XP_020611189.1 XP_020611337.1 XP_020613224.1 XP_020615168.1 XP_020615994.1 XP_020617172.1 XP_020617488.1 XP_020617692.1 XP_020617694.1 XP_020620786.1 XP_020622819.1 XP_020623054.1 XP_020624257.1 XP_020625534.1 XP_020625939.1 XP_020626565.1 XP_020627678.1 XP_020627967.1 XP_020629048.1 XP_020630145.1 XP_020630460.1 XP_020630639.1 XP_020632723.1"
0.146446092364713,7,69,2.74914089347079,"GO:0006325 chromatin organization "," http://amigo.geneontology.org/amigo/term/GO:0006325","XP_020607343.1 XP_020610141.1 XP_020610217.1 XP_020610804.1 XP_020617172.1 XP_020617694.1 XP_020632723.1"
0.150832483715059,171,4305,1.16390961322977,"GO:0071704 organic substance metabolic process "," http://amigo.geneontology.org/amigo/term/GO:0071704","XP_020600466.1 XP_020600708.1 XP_020600855.1 XP_020600856.1 XP_020600997.1 XP_020601306.1 XP_020601325.1 XP_020601505.1 XP_020601625.1 XP_020601698.1 XP_020601956.1 XP_020602134.1 XP_020602137.1 XP_020602470.1 XP_020602803.1 XP_020602804.1 XP_020603032.1 XP_020603115.1 XP_020603233.1 XP_020603521.1 XP_020603577.1 XP_020604025.1 XP_020604411.1 XP_020604457.1 XP_020604515.1 XP_020604528.1 XP_020604673.1 XP_020604763.1 XP_020604869.1 XP_020605723.1 XP_020605730.1 XP_020605924.1 XP_020605999.1 XP_020606024.1 XP_020606220.1 XP_020606241.1 XP_020606340.1 XP_020606389.1 XP_020606525.1 XP_020606730.1 XP_020606749.1 XP_020606765.1 XP_020606789.1 XP_020606785.1 XP_020607071.1 XP_020607343.1 XP_020607385.1 XP_020607592.1 XP_020607760.1 XP_020608112.1 XP_020608116.1 XP_020608234.1 XP_020608278.1 XP_020608288.1 XP_020608359.1 XP_020608501.1 XP_020608525.1 XP_020609082.1 XP_020609150.1 XP_020609224.1 XP_020609438.1 XP_020609655.1 XP_020609818.1 XP_020609851.1 XP_020610341.1 XP_020610495.1 XP_020610540.1 XP_020610856.1 XP_020610865.1 XP_020611148.1 XP_020611301.1 XP_020611386.1 XP_020611406.1 XP_020611604.1 XP_020611605.1 XP_020611953.1 XP_020612098.1 XP_020612435.1 XP_020612587.1 XP_020612625.1 XP_020612694.1 XP_020612791.1 XP_020613224.1 XP_020613662.1 XP_020613872.1 XP_020613919.1 XP_020614028.1 XP_020615077.1 XP_020615284.1 XP_020615457.1 XP_020615539.1 XP_020616560.1 XP_020616737.1 XP_020617488.1 XP_020617692.1 XP_020617694.1 XP_020618184.1 XP_020618239.1 XP_020618303.1 XP_020618453.1 XP_020618456.1 XP_020619137.1 XP_020619461.1 XP_020619931.1 XP_020620048.1 XP_020620166.1 XP_020620648.1 XP_020620691.1 XP_020620786.1 XP_020620895.1 XP_020621181.1 XP_020621977.1 XP_020622018.1 XP_020622028.1 XP_020622127.1 XP_020622406.1 XP_020622574.1 XP_020622688.1 XP_020622812.1 XP_020622818.1 XP_020622831.1 XP_020623032.1 XP_020623054.1 XP_020623449.1 XP_020623579.1 XP_020623671.1 XP_020623782.1 XP_020623907.1 XP_020623979.1 XP_020624392.1 XP_020624629.1 XP_020624928.1 XP_020624942.1 XP_020625734.1 XP_020625873.1 XP_020625939.1 XP_020626072.1 XP_020626171.1 XP_020626223.1 XP_020626380.1 XP_020626946.1 XP_020627030.1 XP_020627088.1 XP_020627169.1 XP_020627306.1 XP_020627341.1 XP_020627365.1 XP_020627368.1 XP_020627751.1 XP_020627765.1 XP_020627927.1 XP_020627989.1 XP_020628214.1 XP_020628312.1 XP_020628708.1 XP_020629048.1 XP_020629719.1 XP_020630133.1 XP_020630639.1 XP_020630924.1 XP_020630934.1 XP_020631010.1 XP_020631277.1 XP_020631454.1 XP_020631597.1 XP_020631608.1 XP_020631692.1 XP_020632196.1 XP_020632532.1 XP_020632603.1 XP_020632723.1"
0.150832483715059,61,1694,1.33093328969618,"GO:0006725 cellular aromatic compound metabolic process "," http://amigo.geneontology.org/amigo/term/GO:0006725","XP_020600466.1 XP_020601306.1 XP_020601505.1 XP_020601956.1 XP_020602134.1 XP_020602470.1 XP_020602803.1 XP_020602804.1 XP_020603233.1 XP_020603577.1 XP_020604457.1 XP_020604515.1 XP_020604673.1 XP_020605723.1 XP_020605924.1 XP_020606241.1 XP_020606340.1 XP_020606525.1 XP_020606749.1 XP_020606765.1 XP_020606785.1 XP_020607071.1 XP_020608116.1 XP_020609655.1 XP_020609818.1 XP_020610341.1 XP_020611148.1 XP_020611386.1 XP_020611605.1 XP_020612098.1 XP_020612625.1 XP_020613224.1 XP_020613919.1 XP_020615077.1 XP_020617488.1 XP_020617692.1 XP_020617694.1 XP_020618184.1 XP_020618456.1 XP_020619137.1 XP_020620048.1 XP_020620166.1 XP_020620786.1 XP_020621181.1 XP_020622018.1 XP_020622574.1 XP_020622688.1 XP_020622812.1 XP_020623054.1 XP_020623449.1 XP_020623782.1 XP_020625939.1 XP_020626946.1 XP_020627030.1 XP_020627365.1 XP_020628312.1 XP_020629048.1 XP_020631692.1 XP_020632196.1 XP_020632603.1 XP_020632723.1"
0.151729751947399,40,1045,1.43683321958404,"GO:0016070 RNA metabolic process "," http://amigo.geneontology.org/amigo/term/GO:0016070","XP_020601306.1 XP_020601505.1 XP_020601956.1 XP_020602134.1 XP_020602804.1 XP_020603233.1 XP_020603577.1 XP_020604457.1 XP_020604515.1 XP_020605723.1 XP_020606525.1 XP_020606785.1 XP_020607071.1 XP_020608116.1 XP_020609655.1 XP_020609818.1 XP_020610341.1 XP_020611386.1 XP_020611605.1 XP_020613919.1 XP_020615077.1 XP_020617692.1 XP_020617694.1 XP_020618184.1 XP_020619137.1 XP_020620048.1 XP_020620166.1 XP_020621181.1 XP_020622018.1 XP_020622574.1 XP_020622688.1 XP_020622812.1 XP_020623782.1 XP_020625939.1 XP_020627365.1 XP_020628312.1 XP_020629048.1 XP_020631692.1 XP_020632196.1 XP_020632723.1"
0.155211786258644,15,600,1.8801115532855,"GO:0015318 inorganic molecular entity transmembrane transporter activity "," http://amigo.geneontology.org/amigo/term/GO:0015318","YP_271952.1 XP_020600622.1 XP_020600676.1 XP_020602000.1 XP_020603329.1 XP_020605233.1 XP_020605679.1 XP_020610439.1 XP_020612066.1 XP_020624362.1 XP_020625110.1 XP_020626607.1 XP_020628658.1 XP_020629533.1 XP_020629641.1"
0.158892319870578,147,3780,1.17980842158488,"GO:0006807 nitrogen compound metabolic process "," http://amigo.geneontology.org/amigo/term/GO:0006807","XP_020600466.1 XP_020600708.1 XP_020600855.1 XP_020600856.1 XP_020600997.1 XP_020601306.1 XP_020601325.1 XP_020601505.1 XP_020601625.1 XP_020601698.1 XP_020601956.1 XP_020602134.1 XP_020602470.1 XP_020602803.1 XP_020602804.1 XP_020603032.1 XP_020603115.1 XP_020603233.1 XP_020603521.1 XP_020603577.1 XP_020604025.1 XP_020604457.1 XP_020604515.1 XP_020604528.1 XP_020604673.1 XP_020604763.1 XP_020604869.1 XP_020605723.1 XP_020605730.1 XP_020605924.1 XP_020605999.1 XP_020606024.1 XP_020606241.1 XP_020606340.1 XP_020606389.1 XP_020606525.1 XP_020606730.1 XP_020606749.1 XP_020606765.1 XP_020606785.1 XP_020607071.1 XP_020607385.1 XP_020607760.1 XP_020608112.1 XP_020608116.1 XP_020608234.1 XP_020608278.1 XP_020608288.1 XP_020608359.1 XP_020608501.1 XP_020608525.1 XP_020609082.1 XP_020609224.1 XP_020609438.1 XP_020609655.1 XP_020609818.1 XP_020609851.1 XP_020610341.1 XP_020610540.1 XP_020610865.1 XP_020611148.1 XP_020611301.1 XP_020611386.1 XP_020611604.1 XP_020611605.1 XP_020612098.1 XP_020612625.1 XP_020612694.1 XP_020612791.1 XP_020613224.1 XP_020613872.1 XP_020613919.1 XP_020614028.1 XP_020615077.1 XP_020615284.1 XP_020615457.1 XP_020615539.1 XP_020616560.1 XP_020617488.1 XP_020617692.1 XP_020617694.1 XP_020618184.1 XP_020618239.1 XP_020618303.1 XP_020618453.1 XP_020618456.1 XP_020619137.1 XP_020619461.1 XP_020619931.1 XP_020620048.1 XP_020620166.1 XP_020620648.1 XP_020620691.1 XP_020620786.1 XP_020620895.1 XP_020621181.1 XP_020621977.1 XP_020622018.1 XP_020622028.1 XP_020622574.1 XP_020622688.1 XP_020622812.1 XP_020622818.1 XP_020622831.1 XP_020623032.1 XP_020623054.1 XP_020623449.1 XP_020623671.1 XP_020623782.1 XP_020623907.1 XP_020623979.1 XP_020624629.1 XP_020624928.1 XP_020624942.1 XP_020625734.1 XP_020625873.1 XP_020625939.1 XP_020626072.1 XP_020626171.1 XP_020626223.1 XP_020626380.1 XP_020626946.1 XP_020627030.1 XP_020627088.1 XP_020627169.1 XP_020627341.1 XP_020627365.1 XP_020627751.1 XP_020627765.1 XP_020627927.1 XP_020627989.1 XP_020628214.1 XP_020628312.1 XP_020629048.1 XP_020629719.1 XP_020630639.1 XP_020630924.1 XP_020630934.1 XP_020631010.1 XP_020631454.1 XP_020631597.1 XP_020631608.1 XP_020631692.1 XP_020632196.1 XP_020632532.1 XP_020632603.1 XP_020632723.1"
0.172321870646134,12,157,2.01977698295813,"GO:0004497 monooxygenase activity "," http://amigo.geneontology.org/amigo/term/GO:0004497","XP_020602683.1 XP_020604863.1 XP_020609051.1 XP_020609150.1 XP_020609362.1 XP_020611135.1 XP_020611406.1 XP_020611634.1 XP_020611867.1 XP_020611930.1 XP_020611953.1 XP_020620421.1"
0.177337545632378,3,17,5.04944245739533,"GO:0046164 alcohol catabolic process "," http://amigo.geneontology.org/amigo/term/GO:0046164","XP_020609150.1 XP_020611406.1 XP_020611953.1"
0.177337545632378,3,12,5.04944245739533,"GO:0050657 nucleic acid transport "," http://amigo.geneontology.org/amigo/term/GO:0050657","XP_020604515.1 XP_020616737.1 XP_020631277.1"
0.177337545632378,3,12,5.04944245739533,"GO:0050658 RNA transport "," http://amigo.geneontology.org/amigo/term/GO:0050658","XP_020604515.1 XP_020616737.1 XP_020631277.1"
0.177337545632378,3,9,5.04944245739533,"GO:0051028 mRNA transport "," http://amigo.geneontology.org/amigo/term/GO:0051028","XP_020604515.1 XP_020616737.1 XP_020631277.1"
0.177337545632378,3,12,5.04944245739533,"GO:0051236 establishment of RNA localization "," http://amigo.geneontology.org/amigo/term/GO:0051236","XP_020604515.1 XP_020616737.1 XP_020631277.1"
0.177337545632378,3,17,5.04944245739533,"GO:1901616 organic hydroxy compound catabolic process "," http://amigo.geneontology.org/amigo/term/GO:1901616","XP_020609150.1 XP_020611406.1 XP_020611953.1"
0.177337545632378,12,133,1.99132941981788,"GO:0005739 mitochondrion "," http://amigo.geneontology.org/amigo/term/GO:0005739","YP_271952.1 YP_271956.1 YP_271954.1 XP_020603196.1 XP_020610926.1 XP_020615168.1 XP_020622053.1 XP_020622830.1 XP_020625517.1 XP_020626565.1 XP_020628214.1 XP_020630460.1"
0.177337545632378,3,12,5.04944245739533,"GO:0006403 RNA localization "," http://amigo.geneontology.org/amigo/term/GO:0006403","XP_020604515.1 XP_020616737.1 XP_020631277.1"
0.177337545632378,3,11,5.04944245739533,"GO:0006405 RNA export from nucleus "," http://amigo.geneontology.org/amigo/term/GO:0006405","XP_020604515.1 XP_020616737.1 XP_020631277.1"
0.177337545632378,3,9,5.04944245739533,"GO:0006406 mRNA export from nucleus "," http://amigo.geneontology.org/amigo/term/GO:0006406","XP_020604515.1 XP_020616737.1 XP_020631277.1"
0.177337545632378,3,14,5.04944245739533,"GO:0015453 oxidoreduction-driven active transmembrane transporter activity "," http://amigo.geneontology.org/amigo/term/GO:0015453","YP_271952.1 YP_271956.1 YP_271954.1"
0.177337545632378,12,386,1.99132941981788,"GO:0022890 inorganic cation transmembrane transporter activity "," http://amigo.geneontology.org/amigo/term/GO:0022890","YP_271952.1 XP_020600622.1 XP_020602000.1 XP_020603329.1 XP_020605233.1 XP_020605679.1 XP_020610439.1 XP_020612066.1 XP_020625110.1 XP_020628658.1 XP_020629533.1 XP_020629641.1"
0.177337545632378,43,943,1.39566774993204,"GO:0006796 phosphate-containing compound metabolic process "," http://amigo.geneontology.org/amigo/term/GO:0006796","XP_020600708.1 XP_020600856.1 XP_020601698.1 XP_020603032.1 XP_020603115.1 XP_020604025.1 XP_020604528.1 XP_020604673.1 XP_020604763.1 XP_020605730.1 XP_020605924.1 XP_020606024.1 XP_020606749.1 XP_020607760.1 XP_020608112.1 XP_020608359.1 XP_020609082.1 XP_020610540.1 XP_020611148.1 XP_020612435.1 XP_020612587.1 XP_020612833.1 XP_020613872.1 XP_020615284.1 XP_020618239.1 XP_020622028.1 XP_020622406.1 XP_020622688.1 XP_020623032.1 XP_020623979.1 XP_020624392.1 XP_020624629.1 XP_020624928.1 XP_020627030.1 XP_020627088.1 XP_020627341.1 XP_020627751.1 XP_020627765.1 XP_020629719.1 XP_020630133.1 XP_020630639.1 XP_020631454.1 XP_020632603.1"
0.177337545632378,8,208,2.4168271590952,"GO:0006974 cellular response to DNA damage stimulus "," http://amigo.geneontology.org/amigo/term/GO:0006974","XP_020602470.1 XP_020612098.1 XP_020612625.1 XP_020613224.1 XP_020618456.1 XP_020620786.1 XP_020626946.1 XP_020632723.1"
0.177337545632378,3,21,5.04944245739533,"GO:0016125 sterol metabolic process "," http://amigo.geneontology.org/amigo/term/GO:0016125","XP_020609150.1 XP_020611406.1 XP_020611953.1"
0.184489122661109,2,16,7.8546882670594,"GO:0051347 positive regulation of transferase activity "," http://amigo.geneontology.org/amigo/term/GO:0051347","XP_020607760.1 XP_020617339.1"
0.184489122661109,9,81,2.16404676745514,"GO:0005740 mitochondrial envelope "," http://amigo.geneontology.org/amigo/term/GO:0005740","YP_271952.1 YP_271956.1 YP_271954.1 XP_020603196.1 XP_020610926.1 XP_020622053.1 XP_020622830.1 XP_020626565.1 XP_020630460.1"
0.184489122661109,4,38,3.6252407386428,"GO:0030054 cell junction "," http://amigo.geneontology.org/amigo/term/GO:0030054","XP_020600622.1 XP_020614720.1 XP_020629533.1 XP_020630639.1"
0.184489122661109,2,4,7.8546882670594,"GO:0031931 TORC1 complex "," http://amigo.geneontology.org/amigo/term/GO:0031931","XP_020604404.1 XP_020624191.1"
0.184489122661109,2,7,7.8546882670594,"GO:0038201 TOR complex "," http://amigo.geneontology.org/amigo/term/GO:0038201","XP_020604404.1 XP_020624191.1"
0.184489122661109,2,28,7.8546882670594,"GO:0045211 postsynaptic membrane "," http://amigo.geneontology.org/amigo/term/GO:0045211","XP_020600622.1 XP_020629533.1"
0.184489122661109,2,3,7.8546882670594,"GO:0045275 respiratory chain complex III "," http://amigo.geneontology.org/amigo/term/GO:0045275","YP_271952.1 XP_020603196.1"
0.184489122661109,2,28,7.8546882670594,"GO:0097060 synaptic membrane "," http://amigo.geneontology.org/amigo/term/GO:0097060","XP_020600622.1 XP_020629533.1"
0.184489122661109,2,28,7.8546882670594,"GO:0098794 postsynapse "," http://amigo.geneontology.org/amigo/term/GO:0098794","XP_020600622.1 XP_020629533.1"
0.184489122661109,4,38,3.6252407386428,"GO:0003950 NAD+ ADP-ribosyltransferase activity "," http://amigo.geneontology.org/amigo/term/GO:0003950","XP_020612192.1 XP_020616912.1 XP_020616913.1 XP_020618303.1"
0.184489122661109,2,12,7.8546882670594,"GO:0003951 NAD+ kinase activity "," http://amigo.geneontology.org/amigo/term/GO:0003951","XP_020606100.1 XP_020619870.1"
0.184489122661109,2,6,7.8546882670594,"GO:0004591 oxoglutarate dehydrogenase (succinyl-transferring) activity "," http://amigo.geneontology.org/amigo/term/GO:0004591","XP_020628443.1 XP_020628499.1"
0.184489122661109,2,5,7.8546882670594,"GO:0005452 inorganic anion exchanger activity "," http://amigo.geneontology.org/amigo/term/GO:0005452","XP_020600676.1 XP_020624362.1"
0.184489122661109,5,40,3.10053484226029,"GO:0008081 phosphoric diester hydrolase activity "," http://amigo.geneontology.org/amigo/term/GO:0008081","XP_020604411.1 XP_020606279.1 XP_020620967.1 XP_020622406.1 XP_020626849.1"
0.184489122661109,4,26,3.6252407386428,"GO:0015103 inorganic anion transmembrane transporter activity "," http://amigo.geneontology.org/amigo/term/GO:0015103","XP_020600676.1 XP_020612066.1 XP_020624362.1 XP_020625110.1"
0.184489122661109,30,671,1.47891620091077,"GO:0016301 kinase activity "," http://amigo.geneontology.org/amigo/term/GO:0016301","XP_020600708.1 XP_020601014.1 XP_020601698.1 XP_020603032.1 XP_020603115.1 XP_020604025.1 XP_020604528.1 XP_020604763.1 XP_020605730.1 XP_020606024.1 XP_020606100.1 XP_020608112.1 XP_020608359.1 XP_020609082.1 XP_020612833.1 XP_020613872.1 XP_020618239.1 XP_020619870.1 XP_020622028.1 XP_020622688.1 XP_020624629.1 XP_020624928.1 XP_020626385.1 XP_020627088.1 XP_020627341.1 XP_020627751.1 XP_020627765.1 XP_020630639.1 XP_020631454.1 XP_020632603.1"
0.184489122661109,6,58,2.7189305539821,"GO:0016763 pentosyltransferase activity "," http://amigo.geneontology.org/amigo/term/GO:0016763","XP_020612192.1 XP_020616912.1 XP_020616913.1 XP_020618303.1 XP_020620691.1 XP_020625873.1"
0.184489122661109,2,28,7.8546882670594,"GO:0022848 acetylcholine-gated cation-selective channel activity "," http://amigo.geneontology.org/amigo/term/GO:0022848","XP_020600622.1 XP_020629533.1"
0.184489122661109,8,63,2.35640648011782,"GO:0022853 active ion transmembrane transporter activity "," http://amigo.geneontology.org/amigo/term/GO:0022853","YP_271952.1 XP_020600676.1 XP_020602000.1 XP_020605233.1 XP_020612066.1 XP_020624362.1 XP_020625110.1 XP_020628658.1"
0.184489122661109,2,28,7.8546882670594,"GO:0098960 postsynaptic neurotransmitter receptor activity "," http://amigo.geneontology.org/amigo/term/GO:0098960","XP_020600622.1 XP_020629533.1"
0.184489122661109,2,28,7.8546882670594,"GO:0099529 neurotransmitter receptor activity involved in regulation of postsynaptic membrane potential "," http://amigo.geneontology.org/amigo/term/GO:0099529","XP_020600622.1 XP_020629533.1"
0.184489122661109,2,28,7.8546882670594,"GO:1904315 transmitter-gated ion channel activity involved in regulation of postsynaptic membrane potential "," http://amigo.geneontology.org/amigo/term/GO:1904315","XP_020600622.1 XP_020629533.1"
0.184489122661109,43,947,1.3804561123306,"GO:0006793 phosphorus metabolic process "," http://amigo.geneontology.org/amigo/term/GO:0006793","XP_020600708.1 XP_020600856.1 XP_020601698.1 XP_020603032.1 XP_020603115.1 XP_020604025.1 XP_020604528.1 XP_020604673.1 XP_020604763.1 XP_020605730.1 XP_020605924.1 XP_020606024.1 XP_020606749.1 XP_020607760.1 XP_020608112.1 XP_020608359.1 XP_020609082.1 XP_020610540.1 XP_020611148.1 XP_020612435.1 XP_020612587.1 XP_020612833.1 XP_020613872.1 XP_020615284.1 XP_020618239.1 XP_020622028.1 XP_020622406.1 XP_020622688.1 XP_020623032.1 XP_020623979.1 XP_020624392.1 XP_020624629.1 XP_020624928.1 XP_020627030.1 XP_020627088.1 XP_020627341.1 XP_020627751.1 XP_020627765.1 XP_020629719.1 XP_020630133.1 XP_020630639.1 XP_020631454.1 XP_020632603.1"
0.185083596033185,26,592,1.51649921987781,"GO:0016310 phosphorylation "," http://amigo.geneontology.org/amigo/term/GO:0016310","XP_020600708.1 XP_020601698.1 XP_020603032.1 XP_020603115.1 XP_020604025.1 XP_020604528.1 XP_020604763.1 XP_020605730.1 XP_020606024.1 XP_020607760.1 XP_020608112.1 XP_020608359.1 XP_020609082.1 XP_020612833.1 XP_020613872.1 XP_020618239.1 XP_020622028.1 XP_020622688.1 XP_020624629.1 XP_020624928.1 XP_020627088.1 XP_020627341.1 XP_020627751.1 XP_020627765.1 XP_020630639.1 XP_020631454.1"
0.186883126366999,12,403,1.91059984874418,"GO:0008324 cation transmembrane transporter activity "," http://amigo.geneontology.org/amigo/term/GO:0008324","YP_271952.1 XP_020600622.1 XP_020602000.1 XP_020603329.1 XP_020605233.1 XP_020605679.1 XP_020610439.1 XP_020612066.1 XP_020625110.1 XP_020628658.1 XP_020629533.1 XP_020629641.1"
0.19360795165217,5,31,2.94550810014728,"GO:0061919 process utilizing autophagic mechanism "," http://amigo.geneontology.org/amigo/term/GO:0061919","XP_020602725.1 XP_020608408.1 XP_020625115.1 XP_020626385.1 XP_020630145.1"
0.19360795165217,27,531,1.49349706486341,"GO:0005634 nucleus "," http://amigo.geneontology.org/amigo/term/GO:0005634","XP_020600466.1 XP_020601956.1 XP_020604457.1 XP_020604515.1 XP_020606525.1 XP_020606785.1 XP_020607071.1 XP_020609224.1 XP_020609655.1 XP_020610141.1 XP_020610341.1 XP_020610804.1 XP_020612625.1 XP_020613919.1 XP_020615994.1 XP_020617172.1 XP_020617694.1 XP_020618456.1 XP_020620048.1 XP_020620786.1 XP_020621240.1 XP_020622574.1 XP_020623054.1 XP_020628312.1 XP_020628355.1 XP_020631692.1 XP_020632723.1"
0.19360795165217,12,115,1.88512518409426,"GO:0006397 mRNA processing "," http://amigo.geneontology.org/amigo/term/GO:0006397","XP_020601956.1 XP_020604515.1 XP_020609655.1 XP_020611386.1 XP_020611605.1 XP_020613919.1 XP_020622018.1 XP_020622688.1 XP_020622812.1 XP_020625939.1 XP_020628312.1 XP_020631692.1"
0.19360795165217,48,925,1.33381498874594,"GO:0043231 intracellular membrane-bounded organelle "," http://amigo.geneontology.org/amigo/term/GO:0043231","YP_271952.1 YP_271956.1 YP_271954.1 XP_020600466.1 XP_020601956.1 XP_020603196.1 XP_020603329.1 XP_020604457.1 XP_020604515.1 XP_020605977.1 XP_020605999.1 XP_020606525.1 XP_020606789.1 XP_020606785.1 XP_020607071.1 XP_020608528.1 XP_020609224.1 XP_020609655.1 XP_020610141.1 XP_020610341.1 XP_020610804.1 XP_020610926.1 XP_020612625.1 XP_020613919.1 XP_020614720.1 XP_020615168.1 XP_020615853.1 XP_020615994.1 XP_020617172.1 XP_020617694.1 XP_020618456.1 XP_020620048.1 XP_020620786.1 XP_020621240.1 XP_020622053.1 XP_020622574.1 XP_020622830.1 XP_020623054.1 XP_020623979.1 XP_020625517.1 XP_020626565.1 XP_020627678.1 XP_020628214.1 XP_020628312.1 XP_020628355.1 XP_020630460.1 XP_020631692.1 XP_020632723.1"
0.19360795165217,24,573,1.53678683485945,"GO:0006468 protein phosphorylation "," http://amigo.geneontology.org/amigo/term/GO:0006468","XP_020600708.1 XP_020601698.1 XP_020603032.1 XP_020603115.1 XP_020604025.1 XP_020604528.1 XP_020604763.1 XP_020605730.1 XP_020606024.1 XP_020608112.1 XP_020608359.1 XP_020609082.1 XP_020613872.1 XP_020618239.1 XP_020622028.1 XP_020622688.1 XP_020624629.1 XP_020624928.1 XP_020627088.1 XP_020627341.1 XP_020627751.1 XP_020627765.1 XP_020630639.1 XP_020631454.1"
0.19360795165217,12,174,1.88512518409426,"GO:0020037 heme binding "," http://amigo.geneontology.org/amigo/term/GO:0020037","XP_020604863.1 XP_020609051.1 XP_020609150.1 XP_020609362.1 XP_020611135.1 XP_020611406.1 XP_020611634.1 XP_020611867.1 XP_020611930.1 XP_020611953.1 XP_020619655.1 XP_020628715.1"
0.19360795165217,15,203,1.7498067921667,"GO:0140098 catalytic activity acting on RNA "," http://amigo.geneontology.org/amigo/term/GO:0140098","XP_020602134.1 XP_020602137.1 XP_020603233.1 XP_020604584.1 XP_020606525.1 XP_020611386.1 XP_020612020.1 XP_020613716.1 XP_020618184.1 XP_020619137.1 XP_020622431.1 XP_020622574.1 XP_020627306.1 XP_020627368.1 XP_020632927.1"
0.19360795165217,5,31,2.94550810014728,"GO:0006914 autophagy "," http://amigo.geneontology.org/amigo/term/GO:0006914","XP_020602725.1 XP_020608408.1 XP_020625115.1 XP_020626385.1 XP_020630145.1"
0.19360795165217,5,66,2.94550810014728,"GO:0008654 phospholipid biosynthetic process "," http://amigo.geneontology.org/amigo/term/GO:0008654","XP_020611148.1 XP_020612435.1 XP_020622406.1 XP_020623979.1 XP_020630133.1"
0.194258889314622,70,1854,1.25914850082632,"GO:0016740 transferase activity "," http://amigo.geneontology.org/amigo/term/GO:0016740","XP_020600708.1 XP_020600855.1 XP_020601014.1 XP_020601413.1 XP_020601698.1 XP_020603032.1 XP_020603115.1 XP_020603233.1 XP_020603846.1 XP_020604025.1 XP_020604528.1 XP_020604763.1 XP_020605730.1 XP_020605999.1 XP_020606024.1 XP_020606100.1 XP_020606220.1 XP_020606472.1 XP_020606972.1 XP_020607592.1 XP_020608112.1 XP_020608359.1 XP_020609082.1 XP_020609251.1 XP_020609253.1 XP_020609438.1 XP_020610865.1 XP_020612192.1 XP_020612791.1 XP_020612833.1 XP_020612903.1 XP_020613395.1 XP_020613872.1 XP_020614011.1 XP_020615853.1 XP_020616488.1 XP_020616490.1 XP_020616494.1 XP_020616912.1 XP_020616913.1 XP_020618239.1 XP_020618303.1 XP_020619137.1 XP_020619679.1 XP_020619870.1 XP_020619959.1 XP_020620691.1 XP_020622028.1 XP_020622688.1 XP_020623449.1 XP_020624629.1 XP_020624928.1 XP_020624942.1 XP_020625734.1 XP_020625873.1 XP_020626072.1 XP_020626171.1 XP_020626223.1 XP_020626385.1 XP_020627088.1 XP_020627341.1 XP_020627751.1 XP_020627765.1 XP_020630133.1 XP_020630639.1 XP_020630788.1 XP_020630924.1 XP_020631454.1 XP_020632532.1 XP_020632603.1"
0.199076064714748,15,629,1.73265182361604,"GO:0015075 ion transmembrane transporter activity "," http://amigo.geneontology.org/amigo/term/GO:0015075","YP_271952.1 XP_020600622.1 XP_020600676.1 XP_020602000.1 XP_020603329.1 XP_020605233.1 XP_020605679.1 XP_020610439.1 XP_020612066.1 XP_020624362.1 XP_020625110.1 XP_020626607.1 XP_020628658.1 XP_020629533.1 XP_020629641.1"
0.199076064714748,35,806,1.40262290483204,"GO:0016772 transferase activity transferring phosphorus-containing groups "," http://amigo.geneontology.org/amigo/term/GO:0016772","XP_020600708.1 XP_020601014.1 XP_020601698.1 XP_020603032.1 XP_020603115.1 XP_020603233.1 XP_020604025.1 XP_020604528.1 XP_020604763.1 XP_020605730.1 XP_020606024.1 XP_020606100.1 XP_020606220.1 XP_020608112.1 XP_020608359.1 XP_020609082.1 XP_020612833.1 XP_020613395.1 XP_020613872.1 XP_020618239.1 XP_020619137.1 XP_020619679.1 XP_020619870.1 XP_020622028.1 XP_020622688.1 XP_020624629.1 XP_020624928.1 XP_020626385.1 XP_020627088.1 XP_020627341.1 XP_020627751.1 XP_020627765.1 XP_020630639.1 XP_020631454.1 XP_020632603.1"
0.199076064714748,3,25,4.41826215022091,"GO:0140658 ATP-dependent chromatin remodeler activity "," http://amigo.geneontology.org/amigo/term/GO:0140658","XP_020610141.1 XP_020613239.1 XP_020617694.1"
0.199076064714748,3,11,4.41826215022091,"GO:0016050 vesicle organization "," http://amigo.geneontology.org/amigo/term/GO:0016050","XP_020605447.1 XP_020627678.1 XP_020630145.1"
0.199076064714748,14,140,1.77363928611019,"GO:0016071 mRNA metabolic process "," http://amigo.geneontology.org/amigo/term/GO:0016071","XP_020601956.1 XP_020602804.1 XP_020604515.1 XP_020609655.1 XP_020611386.1 XP_020611605.1 XP_020613919.1 XP_020622018.1 XP_020622574.1 XP_020622688.1 XP_020622812.1 XP_020625939.1 XP_020628312.1 XP_020631692.1"
