Sample.ID,File.Name,Site,Treatment,pH,Sample.ID2,Batch
A1,20250718_UWPR_Lumos_cup_corals_19.mzML,AK,LowpHAK,LowpH,A1,A
A10,20250718_UWPR_Lumos_cup_corals_9.mzML,AK,AmbientAK,Ambient,A10,A
A13,20250718_UWPR_Lumos_cup_corals_25.mzML,AK,AmbientAK,Ambient,A13,A
A14,20250718_UWPR_Lumos_cup_corals_62.mzML,AK,AmbientAK,Ambient,A14,C
A17,20250718_UWPR_Lumos_cup_corals_43.mzML,AK,LowpHAK,LowpH,A17,B
A18,20250718_UWPR_Lumos_cup_corals_55.mzML,AK,LowpHAK,LowpH,A18,C
A2,20250718_UWPR_Lumos_cup_corals_35.mzML,AK,LowpHAK,LowpH,A2,B
A23,20250718_UWPR_Lumos_cup_corals_44.mzML,AK,AmbientAK,Ambient,A23,B
A24,20250718_UWPR_Lumos_cup_corals_17.mzML,AK,AmbientAK,Ambient,A24,A
A27,20250718_UWPR_Lumos_cup_corals_52.mzML,AK,AmbientAK,Ambient,A27,C
A5,20250718_UWPR_Lumos_cup_corals_61.mzML,AK,LowpHAK,LowpH,A5,C
A6,20250718_UWPR_Lumos_cup_corals_12.mzML,AK,LowpHAK,LowpH,A6,A
AA1,20250718_UWPR_Lumos_cup_corals_2.mzML,AK,PostAccAK,PostAcc,AA1,A
AA2,20250718_UWPR_Lumos_cup_corals_32.mzML,AK,PostAccAK,PostAcc,AA2,B
AA3,20250718_UWPR_Lumos_cup_corals_41.mzML,AK,PostAccAK,PostAcc,AA3,B
AA4,20250718_UWPR_Lumos_cup_corals_24.mzML,AK,PostAccAK,PostAcc,AA4,A
H1,20250718_UWPR_Lumos_cup_corals_74.mzML,HUM,LowpHHUM,LowpH,H1.1,C
H1,20250718_UWPR_Lumos_cup_corals_6.mzML,HUM,LowpHHUM,LowpH,H1.2,A
H10,20250718_UWPR_Lumos_cup_corals_28.mzML,HUM,AmbientHUM,Ambient,H10,A
H13,20250718_UWPR_Lumos_cup_corals_53.mzML,HUM,AmbientHUM,Ambient,H13,C
H14,20250718_UWPR_Lumos_cup_corals_10.mzML,HUM,AmbientHUM,Ambient,H14,A
H17,20250718_UWPR_Lumos_cup_corals_71.mzML,HUM,LowpHHUM,LowpH,H17,C
H18,20250718_UWPR_Lumos_cup_corals_54.mzML,HUM,LowpHHUM,LowpH,H18,C
H2,20250718_UWPR_Lumos_cup_corals_66.mzML,HUM,LowpHHUM,LowpH,H2,C
H21,20250718_UWPR_Lumos_cup_corals_34.mzML,HUM,LowpHHUM,LowpH,H21,B
H23,20250718_UWPR_Lumos_cup_corals_23.mzML,HUM,AmbientHUM,Ambient,H23,A
H24,20250718_UWPR_Lumos_cup_corals_56.mzML,HUM,AmbientHUM,Ambient,H24,C
H27,20250718_UWPR_Lumos_cup_corals_67.mzML,HUM,AmbientHUM,Ambient,H27,C
H6,20250718_UWPR_Lumos_cup_corals_21.mzML,HUM,LowpHHUM,LowpH,H6,A
HA1,20250718_UWPR_Lumos_cup_corals_60.mzML,HUM,PostAccHUM,PostAcc,HA1,C
HA2,20250718_UWPR_Lumos_cup_corals_16.mzML,HUM,PostAccHUM,PostAcc,HA2.1,A
HA2,20250718_UWPR_Lumos_cup_corals_76.mzML,HUM,PostAccHUM,PostAcc,HA2.2,C
HA3,20250718_UWPR_Lumos_cup_corals_4.mzML,HUM,PostAccHUM,PostAcc,HA3,A
HA4,20250718_UWPR_Lumos_cup_corals_26.mzML,HUM,PostAccHUM,PostAcc,HA4,A
M1,20250718_UWPR_Lumos_cup_corals_68.mzML,MBA,LowpHMBA,LowpH,M1,C
M10,20250718_UWPR_Lumos_cup_corals_69.mzML,MBA,AmbientMBA,Ambient,M10,C
M13,20250718_UWPR_Lumos_cup_corals_27.mzML,MBA,AmbientMBA,Ambient,M13,A
M14,20250718_UWPR_Lumos_cup_corals_20.mzML,MBA,AmbientMBA,Ambient,M14,A
M17,20250718_UWPR_Lumos_cup_corals_14.mzML,MBA,LowpHMBA,LowpH,M17,A
M18,20250718_UWPR_Lumos_cup_corals_57.mzML,MBA,LowpHMBA,LowpH,M18,C
M2,20250718_UWPR_Lumos_cup_corals_42.mzML,MBA,LowpHMBA,LowpH,M2,B
M23,20250718_UWPR_Lumos_cup_corals_58.mzML,MBA,AmbientMBA,Ambient,M23,C
M24,20250718_UWPR_Lumos_cup_corals_73.mzML,MBA,AmbientMBA,Ambient,M24.1,C
M24,20250718_UWPR_Lumos_cup_corals_1.mzML,MBA,AmbientMBA,Ambient,M24.2,A
M5,20250718_UWPR_Lumos_cup_corals_31.mzML,MBA,LowpHMBA,LowpH,M5,B
M6,20250718_UWPR_Lumos_cup_corals_7.mzML,MBA,LowpHMBA,LowpH,M6,A
M9,20250718_UWPR_Lumos_cup_corals_70.mzML,MBA,AmbientMBA,Ambient,M9,C
MA1,20250718_UWPR_Lumos_cup_corals_33.mzML,MBA,PostAccMBA,PostAcc,MA1,B
MA2,20250718_UWPR_Lumos_cup_corals_45.mzML,MBA,PostAccMBA,PostAcc,MA2,B
MA3,20250718_UWPR_Lumos_cup_corals_8.mzML,MBA,PostAccMBA,PostAcc,MA3,A
MA4,20250718_UWPR_Lumos_cup_corals_15.mzML,MBA,PostAccMBA,PostAcc,MA4,A
W1,20250718_UWPR_Lumos_cup_corals_63.mzML,WA,LowpHWA,LowpH,W1,C
W10,20250718_UWPR_Lumos_cup_corals_65.mzML,WA,AmbientWA,Ambient,W10,C
W13,20250718_UWPR_Lumos_cup_corals_18.mzML,NA,AmbientWA,Ambient,W13,A
W14,20250718_UWPR_Lumos_cup_corals_29.mzML,NA,AmbientWA,Ambient,W14,A
W17,20250718_UWPR_Lumos_cup_corals_50.mzML,WA,LowpHWA,LowpH,W17,C
W2,20250718_UWPR_Lumos_cup_corals_64.mzML,WA,LowpHWA,LowpH,W2,C
W21,20250718_UWPR_Lumos_cup_corals_5.mzML,WA,LowpHWA,LowpH,W21,A
W23,20250718_UWPR_Lumos_cup_corals_46.mzML,WA,AmbientWA,Ambient,W23.1,B
W23,20250718_UWPR_Lumos_cup_corals_72.mzML,WA,AmbientWA,Ambient,W23.2,C
W24,20250718_UWPR_Lumos_cup_corals_3.mzML,WA,AmbientWA,Ambient,W24,A
W27,20250718_UWPR_Lumos_cup_corals_51.mzML,WA,AmbientWA,Ambient,W27,C
W5,20250718_UWPR_Lumos_cup_corals_36.mzML,WA,LowpHWA,LowpH,W5,B
W6,20250718_UWPR_Lumos_cup_corals_22.mzML,WA,LowpHWA,LowpH,W6,A
WA1,20250718_UWPR_Lumos_cup_corals_11.mzML,WA,PostAccWA,PostAcc,WA1.1,A
WA1,20250718_UWPR_Lumos_cup_corals_75.mzML,WA,PostAccWA,PostAcc,WA1.2,C
WA2,20250718_UWPR_Lumos_cup_corals_30.mzML,WA,PostAccWA,PostAcc,WA2,A
WA3,20250718_UWPR_Lumos_cup_corals_59.mzML,WA,PostAccWA,PostAcc,WA3,C
WA4,20250718_UWPR_Lumos_cup_corals_13.mzML,WA,PostAccWA,PostAcc,WA4,A