"Sample.ID","Site","Treatment","pH"
"A1","AK","LowpHAK","LowpH"
"A10","AK","AmbientAK","Ambient"
"A13","AK","AmbientAK","Ambient"
"A14","AK","AmbientAK","Ambient"
"A17","AK","LowpHAK","LowpH"
"A18","AK","LowpHAK","LowpH"
"A2","AK","LowpHAK","LowpH"
"A23","AK","AmbientAK","Ambient"
"A24","AK","AmbientAK","Ambient"
"A27","AK","AmbientAK","Ambient"
"A5","AK","LowpHAK","LowpH"
"A6","AK","LowpHAK","LowpH"
"AA1","AK","PostAccAK","PostAcc"
"AA2","AK","PostAccAK","PostAcc"
"AA3","AK","PostAccAK","PostAcc"
"AA4","AK","PostAccAK","PostAcc"
"H1","HUM","LowpHHUM","LowpH"
"H13","HUM","AmbientHUM","Ambient"
"H14","HUM","AmbientHUM","Ambient"
"H17","HUM","LowpHHUM","LowpH"
"H18","HUM","LowpHHUM","LowpH"
"H2","HUM","LowpHHUM","LowpH"
"H21","HUM","LowpHHUM","LowpH"
"H23","HUM","AmbientHUM","Ambient"
"H24","HUM","AmbientHUM","Ambient"
"H27","HUM","AmbientHUM","Ambient"
"H6","HUM","LowpHHUM","LowpH"
"HA1","HUM","PostAccHUM","PostAcc"
"HA2","HUM","PostAccHUM","PostAcc"
"HA3","HUM","PostAccHUM","PostAcc"
"HA4","HUM","PostAccHUM","PostAcc"
"M1","MBA","LowpHMBA","LowpH"
"M10","MBA","AmbientMBA","Ambient"
"M13","MBA","AmbientMBA","Ambient"
"M14","MBA","AmbientMBA","Ambient"
"M17","MBA","LowpHMBA","LowpH"
"M18","MBA","LowpHMBA","LowpH"
"M2","MBA","LowpHMBA","LowpH"
"M23","MBA","AmbientMBA","Ambient"
"M24","MBA","AmbientMBA","Ambient"
"M5","MBA","LowpHMBA","LowpH"
"M6","MBA","LowpHMBA","LowpH"
"M9","MBA","AmbientMBA","Ambient"
"MA1","MBA","PostAccMBA","PostAcc"
"MA2","MBA","PostAccMBA","PostAcc"
"MA3","MBA","PostAccMBA","PostAcc"
"MA4","MBA","PostAccMBA","PostAcc"
"W1","WA","LowpHWA","LowpH"
"W10","WA","AmbientWA","Ambient"
"W17","WA","LowpHWA","LowpH"
"W2","WA","LowpHWA","LowpH"
"W21","WA","LowpHWA","LowpH"
"W23","WA","AmbientWA","Ambient"
"W24","WA","AmbientWA","Ambient"
"W27","WA","AmbientWA","Ambient"
"W5","WA","LowpHWA","LowpH"
"W6","WA","LowpHWA","LowpH"
"WA1","WA","PostAccWA","PostAcc"
"WA2","WA","PostAccWA","PostAcc"
"WA3","WA","PostAccWA","PostAcc"
"WA4","WA","PostAccWA","PostAcc"
